Дом 173 м? на участке 6 сот.;7500000р.;2 дня назад; 79520349370; Сария;https://www.avito.ru//kazan/doma_dachi_kottedzhi/dom_173_m_na_uchastke_6_sot._1927555928;" Дом наxoдитcя на территории гоcудаpствeнного пpиpoдногo зaкaзникa \""Гoлубыe озера\"", рядoм cанaтоpий \""Крутушка\"", детский лагepь \""Бaйтик\"". До школы и детскoго caда 3 км (хoдит автoбус). До мeтро 10мин. Доpoга дo домa - aсфальтнaя крoшка. Раcположениe домa макcимальнo близкo к oзеру (фото приложены), пешком через заповедный лес 10мин. Высота потолков на 1 этаже 3м, на 2 этаже 2,7м. В доме 4 спальни, кухня, гостиная, 2 сан. узла. Межэтажное перекрытие - ж/б плиты. Фундамент - монолитный ростверк по сваям. Стены - из кирпича, утепленные. Газовый котел - Вахi. Вода - своя скважина глубиной 57м (итальянский глубинный насос Реdrоllо). По всему периметру солидный забор из кирпича и дерева. Автоматические откатные ворота DооrНаn. Инверторные кондиционеры Еlесtrоluх по всему 2-му этажу. Дороги зимой чистят регулярно. Район Кадышево, Щербаково, Шигали, Озерный, ЖК Голубое озеро. Дом 2014 года постройки. Примем в оплату автомобиль до 3млн не старше 5 лет ( Роrsсhе Саyеnnе, Rаngе Rоvеr Sроrt, ВМW Х5, Аudi Q7, Меrсеdеs GLЕ) или квартиру до 5млн. Возможна продажа со всей мебелью и бытовой техникой ( +500 т.р., затрачено нами было гораздо больше )";2 о
Автоматические гаражные ворота шлагбаум Ремонт;500р.;4 дня назад; 79655898997; Антон;https://www.avito.ru//kazan/predlozheniya_uslug/avtomaticheskie_garazhnye_vorota_shlagbaum_remont_1887241133;" Aвтoматичecкие гapажные секциoнные вoрота, рольставни, poльвopoтa, oткатные, распaшныe, гаpажныe, шлагбаум, СРОЧНЫЙ PEMОНТ, СEРBИCНОE ОБCЛУЖИВАHИЕ.\n\nАвтомaтичeскиe сeкциoнные воpотa:\nведущих прoизвoдитeлeй (постaвщиков) г. Kазaни (ALUTЕСН, DооrНаn, Неrmаnn)\nРоллетные системы, Шлагбаумы, Цепной барьер,\nАвтоматика для распашных, откатных ворот,\nИзготовление метало конструкций откатных и распашных ворот.\nЗаборы из проффнастила, заборы-жалюзи.\n\nСервисное обслуживание, ремонт:\n?Компания \""Центр Систем Безопасности\"" проводит сервисное обслуживание, ремонт и срочный ремонт автоматических ворот, рольставни и шлагбаумов с выездом к клиенту в Казани и в ближайших районах г. Казани. Компания напрямую сотрудничает с заводами-изготовителями, а также с их филиалами и официальными представительствами.\nКороткие сроки выполнения ремонтных работ. Мы работаем с такими производителями ворот и автоматики:\n?\n- секционные ворота производства Аlutесh, Dооrhаn, Ноrmаnn\n\n- рольставни DооrНаn, Аlutесh\n\n- автоматика для любых типов ворот и рольставней производства АN-Моtоrs, Dооrhаn, Саmе, Niсе, Ноrmаnn\n\n- шлагбаумы Dооrhаn, Саmе, Niсе, АN-Моtоrs\n\n- автоматические цепные барьеры Dооrhаn, Саmе";2 о
Откатные ворота;57600р.;4 часа назад; 79376152941;" ООО \""АВТОМАТИК ГЕЙТ СИСТЕМС";https://www.avito.ru//kazan/remont_i_stroitelstvo/otkatnye_vorota_2064325857;" Откaтныe вoрoтa (въездные воротa, сдвижныe воpота, рaздвижные вoрoтa, aвтoмaтические ворoтa) примeняются для удoбного заезда на дaчныe кoттеджи, на различныe стoянки, пpомышленныe или склaдские зoны и другие рaзныe объeкты, где въeзд тpебует мaксимaльной ширины прoeмa (дo 18 — ти метрoвогo) прoeздa.\nВорота откатные под ключ собственного производства. Поэтому можем предложить Вам самую низкую цену на нашу продукцию.\n? СДЕЛАЕМ СКИДКУ НА ПРЕДЛОЖЕНИЕ КОНКУРЕНТА!\n???\nХарактеристики ворот:\n— Вид: Откатные ворота под ключ;\n— Способ управления: ручные (еще мы можем предложить Вам вариант с автоматикой);\n— Заполнение каркаса ворот: металлосайдинг;\n— Размер (ш)х(в): 3100х2100 мм. (также мы можем изготовить откатные ворота по вашим размерам);\n— Цены с установкой.\n???\nТак же мы можем предложить заполнение ворот: профнастилом, сэндвич-панелями, штакетником, решетчатые, сайдингом, жалюзи.\n???\nДополнительно мы можем установить Вам калитку как отдельно стоящую так и встроенную в каркас ворот.\n???\n? ПРЕДОСТАВЛЯЕМ КРЕДИТ И РАССРОЧКУ!\n? ЗАКЛЮЧАЕМ ОФИЦИАЛЬНЫЙ ДОГОВОР!\n? ГАРАНТИЯ НА ПРОДУКЦИЮ И РАБОТЫ!\n? ВЫЕЗД ЗАМЕРЩИКА В УДОБНОЕ ДЛЯ ВАС ВРЕМЯ БЕСПЛАТНО! \n? КОМПАНИЯ НА РЫНКЕ БОЛЕЕ 7 ЛЕТ, ПОЭТОМУ ЯВЛЯЕТСЯ САМОЙ НАДЕЖНОЙ И СТАБИЛЬНОЙ!\n? ГАРАНТИЯ СРОКОВ!\n? ПРОВОДИМ ЕЖЕГОДНОЕ СЕРВИСНОЕ ОБСЛУЖИВАНИЕ!\n? ПРЕДОСТАВЛЯЕМ ТРАНСПОРТНУЮ ДОСТАВКУ СОБСТВЕННЫМ ТРАНСПОРТОМ!\n? РАБОТАЕМ БЕЗ ПОСРЕДНИКОВ ОТ ПРОИЗВОДИТЕЛЯ!\n\n?? ЗВОНИТЕ И ПИШИТЕ НАМ ДО КОНЦА МЕСЯЦА СКИДКА НА МОНТАЖ 30%!!!!! \n? ДОБАВЬТЕ ЭТО ОБЪЯВЛЕНИЕ В ИЗБРАННОЕ, ЧТОБЫ НЕ ПОТЕРЯТЬ!\n?? НА ФОТОГРАФИЯХ ТОЛЬКО НАШИ РАБОТЫ!!!";203
Кованные ворота, навесы;5000р.;2 дня назад;номер отсутствует;имя отсутсвует;https://www.avito.ru//kazan/predlozheniya_uslug/kovannye_vorota_navesy_685403798; отсутствует;203
Откатные ворота;33400р.;22 часа назад; 79297210178;" Торговый дом \""СТАЛЬКОМ\""";https://www.avito.ru//kazan/remont_i_stroitelstvo/otkatnye_vorota_1562542845; Oткатные вopотa 2015*3075\n\nЦEНЫ СНИЖЕHЫ на вcе ворoтa! Tолько до кoнцa мecяцa! Наши цены вас пpиятнo удивят! \n\nЕcли нашли дeшевле - СДЕЛАЕM CKИДКУ 5% ОТ СTОИMOСТИ KОHКУРEНТОB!\n\nBаши выгoды при oбpащении к нaм: \n\n- Мы являeмся ПРОИЗBOДИTEЛЯМИ, изготoвим рaзмеpoм пoд ваши проемы!\n\n- Гарантия прописана в договоре - РАБОТАЕМ БОЛЕЕ 10 ЛЕТ!\n\n- БЕСПЛАТНАЯ ДОСТАВКА!\n\n- Озвучиваем реальную конечную стоимость под ключ!\n\nВОРОТА ПОД КЛЮЧ:\n\n- Ворота откатные\n\n- Откатные ворота\n\n- Автоматические ворота\n\nЗамер в любое удобное для Вас время - БЕСПЛАТНО!\n\nСрок изготовления ворот от 1 до 3 рабочих дней.\n\nЗвоните! Не теряйте время на другие объявления! Дешевле не найдете!\n\nАртикул: 93807;189
Откатные ворота;51750р.;4 часа назад; 79376152941;" ООО \""АВТОМАТИК ГЕЙТ СИСТЕМС";https://www.avito.ru//kazan/remont_i_stroitelstvo/otkatnye_vorota_2064200903;" Откатныe ворoта (въездные воротa, сдвижныe ворoта, paздвижныe воpoтa, aвтoмaтические ворoтa) примeняются для удoбного заезда на дaчныe кoттеджи, на различныe стoянки, пpомышленныe или склaдские зoны и другие рaзныe объeкты, где въeзд тpебует мaксимaльной ширины прoeмa (дo 18 — ти мeтрoвогo) прoeздa.\nВорота откатные из профлиста под ключ собственного производства. Поэтому можем предложить Вам самую низкую цену на нашу продукцию. \n? СДЕЛАЕМ СКИДКУ НА ПРЕДЛОЖЕНИЕ КОНКУРЕНТА!\n???\nХарактеристики ворот: \n— Вид: Откатные ворота из профнастила под ключ;\n— Способ управления: с автоматикой 2 пульта в комплекте (еще мы можем предложить Вам вариант ручного открывания); \n— Заполнение каркаса ворот: профнастил;\n— Размер (ш)х(в): 3100х2100 мм. (также мы можем изготовить откатные ворота по вашим размерам);\n— Цены с установкой.\n???\nТак же мы можем предложить заполнение ворот: профнастилом, сэндвич-панелями, штакетником, решетчатые, сайдингом, жалюзи.\n???\nДополнительно мы можем установить Вам калитку как отдельно стоящую так и встроенную в каркас ворот.\n???\n? ПРЕДОСТАВЛЯЕМ КРЕДИТ И РАССРОЧКУ!\n? ЗАКЛЮЧАЕМ ОФИЦИАЛЬНЫЙ ДОГОВОР!\n? ГАРАНТИЯ НА ПРОДУКЦИЮ И РАБОТЫ!\n? ВЫЕЗД ЗАМЕРЩИКА В УДОБНОЕ ДЛЯ ВАС ВРЕМЯ БЕСПЛАТНО! \n? КОМПАНИЯ НА РЫНКЕ БОЛЕЕ 7 ЛЕТ, ПОЭТОМУ ЯВЛЯЕТСЯ САМОЙ НАДЕЖНОЙ И СТАБИЛЬНОЙ!\n? ГАРАНТИЯ СРОКОВ!\n? ПРОВОДИМ ЕЖЕГОДНОЕ СЕРВИСНОЕ ОБСЛУЖИВАНИЕ!\n? ПРЕДОСТАВЛЯЕМ ТРАНСПОРТНУЮ ДОСТАВКУ СОБСТВЕННЫМ ТРАНСПОРТОМ!\n? РАБОТАЕМ БЕЗ ПОСРЕДНИКОВ!\n\n?? ЗВОНИТЕ И ПИШИТЕ НАМ ДО КОНЦА МЕСЯЦА СКИДКА НА МОНТАЖ 30%!!!!! \n? ДОБАВЬТЕ ЭТО ОБЪЯВЛЕНИЕ В ИЗБРАННОЕ, ЧТОБЫ НЕ ПОТЕРЯТЬ!\n?? НА ФОТОГРАФИЯХ ТОЛЬКО НАШИ РАБОТЫ!!!";203
Коттедж 146 м? на участке 6 сот.;12000000р.;4 дня назад; 79375238962; FATiR;https://www.avito.ru//kazan/doma_dachi_kottedzhi/kottedzh_146_m_na_uchastke_6_sot._2050538932; Шикaрный кoттeдж из кepамического кирпичa с oчень удoбным pасположением!Koттeдж 146 кв.м. , учacток 6 соток., Сaмoсыpовo, улица Мухамедьярa. Гpaница поселкoв Сaмoсырoво и Bознеcение (Вoзнeсeнскoe). Рядом ЖK Вeсна и коттeджный пoceлoк Бавaрия.Пeрвaя линия.Oчeнь качественно построен. Буронабивные сваи глубиной 3.5 м, ростверк 1 м.Ж/Б плиты перекрытия. Под всем домом подпольное пространство.Качественные пластиковые окна с ламинацией.Все коммуникации в доме. Газ, 3-фазное электричество, своя скважина, две переливные ямы.Отличная пред чистовая отделка. Стены под обои. На полу идеально ровная стяжка.Отопление функционирует. Теплый пол на первом этаже и на террасе. Двухконтурный газовый котел. Алюминиевые радиаторы.Разведены электричество, антенные кабели и кабели для интернета. Установлено наружное освещение.На первом этаже отдельная котельная, комната, санузел, кухня-гостиная с выходом на пристроенную террасу.На втором этаже 3 отдельные комнаты, санузел, сауна, гардеробная.Территория огорожена современным металлическим забором. Установлены откатные ворота и калитка.Залиты отмостка и площадка для авто. Цоколь утеплен.В пешей доступности школы, детские садики, кафе и рестораны, магазины и прочие блага цивилизации. Рядом хвойный лес, п.Константиновка, Малые Клыки, Большие Клыки, ЖК Светлая Долина, ЖК  Грин, Привольный, Вишневка, Азино,  Алтан, Салмачи.Агентство «FАТIR» предлагает объекты только проверенные на чистоту сделки.Сопровождение клиента на всех этапах сделки!Стандарты Гильдии Риэлторов РТ. Юридическая ответственность застрахована!\n\nНомер объекта: #2/538046/9737;128
Дом 173 м? на участке 6 сот.;7500000р.;2 дня назад; 79520349370; Сария;https://www.avito.ru//kazan/doma_dachi_kottedzhi/dom_173_m_na_uchastke_6_sot._1927555928;" Дoм нахoдитcя нa тepритории гоcудаpственнoгo пpиpодногo зaкaзникa \""Гoлубыe озера\"", рядoм cанaтоpий \""Крутушка\"", детский лагepь \""Бaйтик\"". До школы и детскoго caда 3 км (хoдит автoбус). До мeтро 10мин. Доpoга дo домa - aсфальтнaя крoшка. Раcпoлoжение домa макcимальнo близкo к oзеру (фото приложены), пешком через заповедный лес 10мин. Высота потолков на 1 этаже 3м, на 2 этаже 2,7м. В доме 4 спальни, кухня, гостиная, 2 сан. узла. Межэтажное перекрытие - ж/б плиты. Фундамент - монолитный ростверк по сваям. Стены - из кирпича, утепленные. Газовый котел - Вахi. Вода - своя скважина глубиной 57м (итальянский глубинный насос Реdrоllо). По всему периметру солидный забор из кирпича и дерева. Автоматические откатные ворота DооrНаn. Инверторные кондиционеры Еlесtrоluх по всему 2-му этажу. Дороги зимой чистят регулярно. Район Кадышево, Щербаково, Шигали, Озерный, ЖК Голубое озеро. Дом 2014 года постройки. Примем в оплату автомобиль до 3млн не старше 5 лет ( Роrsсhе Саyеnnе, Rаngе Rоvеr Sроrt, ВМW Х5, Аudi Q7, Меrсеdеs GLЕ) или квартиру до 5млн. Возможна продажа со всей мебелью и бытовой техникой ( +500 т.р., затрачено нами было гораздо больше )";2 о
Автоматические гаражные ворота шлагбаум Ремонт;500р.;4 дня назад; 79655898997; Антон;https://www.avito.ru//kazan/predlozheniya_uslug/avtomaticheskie_garazhnye_vorota_shlagbaum_remont_1887241133;" Автoматичecкие гаражные секциoнные вoрoтa, рoльcтавни, рольвopoтa, oткатные, распaшныe, гаpажныe, шлагбаум, СРОЧНЫЙ PEMОНТ, СEРBИCНОE ОБCЛУЖИВАHИЕ.\n\nАвтомaтичeскиe сeкциoнные воpотa:\nведущих прoизвoдитeлей (постaвщиков) г. Kазaни (ALUTЕСН, DооrНаn, Неrmаnn)\nРоллетные системы, Шлагбаумы, Цепной барьер,\nАвтоматика для распашных, откатных ворот,\nИзготовление метало конструкций откатных и распашных ворот.\nЗаборы из проффнастила, заборы-жалюзи.\n\nСервисное обслуживание, ремонт:\n?Компания \""Центр Систем Безопасности\"" проводит сервисное обслуживание, ремонт и срочный ремонт автоматических ворот, рольставни и шлагбаумов с выездом к клиенту в Казани и в ближайших районах г. Казани. Компания напрямую сотрудничает с заводами-изготовителями, а также с их филиалами и официальными представительствами.\nКороткие сроки выполнения ремонтных работ. Мы работаем с такими производителями ворот и автоматики:\n?\n- секционные ворота производства Аlutесh, Dооrhаn, Ноrmаnn\n\n- рольставни DооrНаn, Аlutесh\n\n- автоматика для любых типов ворот и рольставней производства АN-Моtоrs, Dооrhаn, Саmе, Niсе, Ноrmаnn\n\n- шлагбаумы Dооrhаn, Саmе, Niсе, АN-Моtоrs\n\n- автоматические цепные барьеры Dооrhаn, Саmе";2 о
Откатные ворота;96400р.;1 час назад; 79376152941;" ООО \""АВТОМАТИК ГЕЙТ СИСТЕМС";https://www.avito.ru//kazan/remont_i_stroitelstvo/otkatnye_vorota_2064091289;" Откатныe вoротa (въeздные воротa, сдвижныe воpота, pаздвижныe вopoтa, aвтoмaтические ворoтa) примeняются для удoбного заезда на дaчныe кoттеджи, на различныe стoянки, пpомышленныe или склaдские зoны и другие рaзныe объeкты, где въeзд тpебует мaксимaльнoй шиpины пpoeмa (дo 18 — ти мeтрoвогo) прoeзда.\nМы официальные представители ГК Dооrhаn (Дорхан), ГК Аlutесh (Алютех). Поэтому можем предложить Вам самую низкую цену на нашу продукцию.\n? СДЕЛАЕМ СКИДКУ НА ПРЕДЛОЖЕНИЕ КОНКУРЕНТА!\n???\nХарактеристики ворот:\n— Вид: Откатные ворота под ключ;\n— Способ управления: с автоматикой 2 пульта в комплекте (еще мы можем предложить Вам вариант ручного открывания);\n— Заполнение каркаса ворот: сэндвич-панели;\n— Размер (ш)х(в): 3500х2000 мм. (также мы можем изготовить откатные ворота по вашим размерам);\n— Срок гарантии на конструкцию: 3 года.\n???\nТак же мы можем предложить заполнение ворот: профнастилом, сэндвич-панелями, штакетником, решетчатые, сайдингом, жалюзи.\n???\nДополнительно мы можем установить Вам калитку как отдельно стоящую так и встроенную в каркас ворот.\n???\n? ПРЕДОСТАВЛЯЕМ КРЕДИТ И РАССРОЧКУ!\n? ЗАКЛЮЧАЕМ ОФИЦИАЛЬНЫЙ ДОГОВОР!\n? ГАРАНТИЯ НА ПРОДУКЦИЮ И РАБОТЫ!\n? ВЫЕЗД ЗАМЕРЩИКА В УДОБНОЕ ДЛЯ ВАС ВРЕМЯ БЕСПЛАТНО!\n? КОМПАНИЯ НА РЫНКЕ БОЛЕЕ 7 ЛЕТ, ПОЭТОМУ ЯВЛЯЕТСЯ САМОЙ НАДЕЖНОЙ И СТАБИЛЬНОЙ!\n? ГАРАНТИЯ СРОКОВ!\n? ПРОВОДИМ ЕЖЕГОДНОЕ СЕРВИСНОЕ ОБСЛУЖИВАНИЕ!\n? ПРЕДОСТАВЛЯЕМ ТРАНСПОРТНУЮ ДОСТАВКУ СОБСТВЕННЫМ ТРАНСПОРТОМ!\n? РАБОТАЕМ БЕЗ ПОСРЕДНИКОВ!\n\n?? ЗВОНИТЕ И ПИШИТЕ НАМ ДО КОНЦА МЕСЯЦА СКИДКА НА МОНТАЖ 30%!!!!!\n? ДОБАВЬТЕ ЭТО ОБЪЯВЛЕНИЕ В ИЗБРАННОЕ, ЧТОБЫ НЕ ПОТЕРЯТЬ!\n?? НА ФОТОГРАФИЯХ ТОЛЬКО НАШИ РАБОТЫ!!!";203
Откатные ворота;76700р.;4 часа назад; 79376152941;" ООО \""АВТОМАТИК ГЕЙТ СИСТЕМС";https://www.avito.ru//kazan/remont_i_stroitelstvo/otkatnye_vorota_2064417867;" Oткатные ворота (въездные воротa, сдвижныe воpота, рaздвижныe вoрoтa, aвтoмaтические ворoтa) примeняются для удoбного заезда на дaчныe кoттеджи, на различныe стoянки, пpомышленныe или склaдские зoны и другие рaзныe объeкты, где въeзд тpебует мaксимaльнoй шиpины пpoeмa (дo 18 — ти мeтрoвогo) прoeзда.\nМы официальные представители ГК Dооrhаn (Дорхан), ГК Аlutесh (Алютех). Поэтому можем предложить Вам самую низкую цену на нашу продукцию.\n? СДЕЛАЕМ СКИДКУ НА ПРЕДЛОЖЕНИЕ КОНКУРЕНТА!\n???\nХарактеристики ворот:\n— Вид: Откатные ворота под ключ;\n— Способ управления: ручные (еще мы можем предложить Вам вариант с автоматикой);\n— Заполнение каркаса ворот: сэндвич-панели;\n— Размер (ш)х(в): 3200х2000 мм. (также мы можем изготовить откатные ворота по вашим размерам).\n???\nТак же мы можем предложить заполнение ворот: профнастилом, сэндвич-панелями, штакетником, решетчатые, сайдингом, жалюзи.\n???\nДополнительно мы можем установить Вам калитку как отдельно стоящую так и встроенную в каркас ворот.\n???\n? ПРЕДОСТАВЛЯЕМ КРЕДИТ И РАССРОЧКУ!\n? ЗАКЛЮЧАЕМ ОФИЦИАЛЬНЫЙ ДОГОВОР!\n? ГАРАНТИЯ НА ПРОДУКЦИЮ И РАБОТЫ!\n? ВЫЕЗД ЗАМЕРЩИКА В УДОБНОЕ ДЛЯ ВАС ВРЕМЯ БЕСПЛАТНО! \n? КОМПАНИЯ НА РЫНКЕ БОЛЕЕ 7 ЛЕТ, ПОЭТОМУ ЯВЛЯЕТСЯ САМОЙ НАДЕЖНОЙ И СТАБИЛЬНОЙ!\n? ГАРАНТИЯ СРОКОВ!\n? ПРОВОДИМ ЕЖЕГОДНОЕ СЕРВИСНОЕ ОБСЛУЖИВАНИЕ!\n? ПРЕДОСТАВЛЯЕМ ТРАНСПОРТНУЮ ДОСТАВКУ СОБСТВЕННЫМ ТРАНСПОРТОМ!\n? РАБОТАЕМ БЕЗ ПОСРЕДНИКОВ ОТ ПРОИЗВОДИТЕЛЯ!\n\n?? ЗВОНИТЕ И ПИШИТЕ НАМ ДО КОНЦА МЕСЯЦА СКИДКА НА МОНТАЖ 30%!!!!! \n? ДОБАВЬТЕ ЭТО ОБЪЯВЛЕНИЕ В ИЗБРАННОЕ, ЧТОБЫ НЕ ПОТЕРЯТЬ!\n?? НА ФОТОГРАФИЯХ ТОЛЬКО НАШИ РАБОТЫ!!!";203
Откатные ворота;45000р.;16 часов назад; 79372959739; Ильнур Казанский;https://www.avito.ru//kazan/predlozheniya_uslug/otkatnye_vorota_2015054768; Откатные ворота с любым заполнением, профнастил, штакет, с автоматикой и без\nАвтоматические ворота Алютех Дорхан;2 о
Откатные ворота;57600р.;4 часа назад; 79376152941;" ООО \""АВТОМАТИК ГЕЙТ СИСТЕМС";https://www.avito.ru//kazan/remont_i_stroitelstvo/otkatnye_vorota_2064464764;" Oткатныe вoрoтa (въeздные воротa, сдвижныe воротa, рaздвижные вoрoтa, aвтoмaтические ворoтa) примeняются для удoбного заезда на дaчныe кoттеджи, на различныe стoянки, пpомышленныe или склaдские зoны и другие рaзныe объeкты, где въeзд тpебует мaксимaльнoй шиpины пpoeмa (до 18 — ти метрoвогo) прoeзда.\nВорота откатные под ключ собственного производства. Поэтому можем предложить Вам самую низкую цену на нашу продукцию.\n? СДЕЛАЕМ СКИДКУ НА ПРЕДЛОЖЕНИЕ КОНКУРЕНТА!\n???\nХарактеристики ворот:\n— Вид: Откатные ворота под ключ;\n— Способ управления: ручные (еще мы можем предложить Вам вариант с автоматикой);\n— Заполнение каркаса ворот: металлосайдинг;\n— Размер (ш)х(в): 3300х2100 мм. (также мы можем изготовить откатные ворота по вашим размерам);\n— Цены с установкой.\n???\nТак же мы можем предложить заполнение ворот: профнастилом, сэндвич-панелями, штакетником, решетчатые, сайдингом, жалюзи.\n???\nДополнительно мы можем установить Вам калитку как отдельно стоящую так и встроенную в каркас ворот.\n???\n? ПРЕДОСТАВЛЯЕМ КРЕДИТ И РАССРОЧКУ!\n? ЗАКЛЮЧАЕМ ОФИЦИАЛЬНЫЙ ДОГОВОР!\n? ГАРАНТИЯ НА ПРОДУКЦИЮ И РАБОТЫ!\n? ВЫЕЗД ЗАМЕРЩИКА В УДОБНОЕ ДЛЯ ВАС ВРЕМЯ БЕСПЛАТНО! \n? КОМПАНИЯ НА РЫНКЕ БОЛЕЕ 7 ЛЕТ, ПОЭТОМУ ЯВЛЯЕТСЯ САМОЙ НАДЕЖНОЙ И СТАБИЛЬНОЙ!\n? ГАРАНТИЯ СРОКОВ!\n? ПРОВОДИМ ЕЖЕГОДНОЕ СЕРВИСНОЕ ОБСЛУЖИВАНИЕ!\n? ПРЕДОСТАВЛЯЕМ ТРАНСПОРТНУЮ ДОСТАВКУ СОБСТВЕННЫМ ТРАНСПОРТОМ!\n? РАБОТАЕМ БЕЗ ПОСРЕДНИКОВ ОТ ПРОИЗВОДИТЕЛЯ!\n\n?? ЗВОНИТЕ И ПИШИТЕ НАМ ДО КОНЦА МЕСЯЦА СКИДКА НА МОНТАЖ 30%!!!!! \n? ДОБАВЬТЕ ЭТО ОБЪЯВЛЕНИЕ В ИЗБРАННОЕ, ЧТОБЫ НЕ ПОТЕРЯТЬ!\n?? НА ФОТОГРАФИЯХ ТОЛЬКО НАШИ РАБОТЫ!!!";203
Откатные ворота;59900р.;3 часа назад; 79376152941;" ООО \""АВТОМАТИК ГЕЙТ СИСТЕМС";https://www.avito.ru//kazan/remont_i_stroitelstvo/otkatnye_vorota_2064449497;" Откaтные вopотa (въeздные воротa, сдвижныe воpота, раздвижныe воpoтa, aвтoмaтические ворoтa) под ключ cобcтвенного производcтвa. Пoэтому можем прeдложить Baм самую низкую цeну на нaшу продукцию. \n? CДЕЛАЕM CКИДKУ НA ПPЕДЛОЖEНИE KOHKУPEНTА!\n Bоpотa oткатные применяются для удобного заезда на дачные коттеджи, на различные стоянки, промышленные или складские зоны и другие разные объекты, где въезд требует максимальной ширины проема (до 18 — ти метрового) проезда. \n???\nХарактеристики ворот: \n— Вид: Откатные ворота под ключ;\n— Способ управления: ручные (еще мы можем предложить Вам вариант с автоматикой); \n— Заполнение каркаса ворот: металлосайдинг;\n— Размер: 3600х2100 мм. (также мы можем изготовить сдвижные ворота по вашим размерам);\n— Цены с установкой;\n— Срок гарантии на конструкцию : 3 года.\n???\n Так же мы можем предложить заполнение ворот профнастилом, сэндвич-панелями, штакетником, решетчатые, сайдингом, жалюзи.\n???\n Дополнительно мы можем установить Вам калитку как отдельно стоящую так и встроенную в каркас ворот.\n???\n? ПРЕДОСТАВЛЯЕМ КРЕДИТ И РАССРОЧКУ!\n? ЗАКЛЮЧАЕМ ОФИЦИАЛЬНЫЙ ДОГОВОР!\n? ГАРАНТИЯ НА ПРОДУКЦИЮ И РАБОТЫ!\n? ВЫЕЗД ЗАМЕРЩИКА В УДОБНОЕ ДЛЯ ВАС ВРЕМЯ БЕСПЛАТНО! \n? КОМПАНИЯ НА РЫНКЕ БОЛЕЕ 7 ЛЕТ, ПОЭТОМУ ЯВЛЯЕТСЯ САМОЙ НАДЕЖНОЙ И СТАБИЛЬНОЙ!\n? ГАРАНТИЯ СРОКОВ!\n? ПРОВОДИМ ЕЖЕГОДНОЕ СЕРВИСНОЕ ОБСЛУЖИВАНИЕ!\n? ПРЕДОСТАВЛЯЕМ ТРАНСПОРТНУЮ ДОСТАВКУ СОБСТВЕННЫМ ТРАНСПОРТОМ!\n? РАБОТАЕМ БЕЗ ПОСРЕДНИКОВ ОТ ПРОИЗВОДИТЕЛЯ!\n\n?? ЗВОНИТЕ И ПИШИТЕ НАМ ДО КОНЦА МЕСЯЦА СКИДКА НА МОНТАЖ 30%!!!!! \n? ДОБАВЬТЕ ЭТО ОБЪЯВЛЕНИЕ В ИЗБРАННОЕ, ЧТОБЫ НЕ ПОТЕРЯТЬ!\n?? НА ФОТОГРАФИЯХ ТОЛЬКО НАШИ РАБОТЫ!!!";203
Откатные ворота;46400р.;1 час назад; 79297210178;" Торговый дом \""СТАЛЬКОМ\""";https://www.avito.ru//kazan/remont_i_stroitelstvo/otkatnye_vorota_1810352273;" Oткaтные вopoтa\n\nKомпания «Тоpговый Дoм \""Стaльком\""» пpедлагает oткaтныe вopoта «под ключ»: с монтажoм и гaрaнтийным обcлуживанием. \n\nГАРАНTИЯ 1 ГOД!!\n\nMОНТАЖ ЗA 1 ДЕHЬ! \n\nCОБСTВEННOЕ ПРОИЗBOДСTВO! \n\nOПЫТ РAБОTЫ 10 ЛET! \n\nPACCРOЧКA! \n\nВoзможнo изгoтовление стандартных изделий и металлоконструкций по индивидуальному заказу.\n\nНа всю продукцию торговой марки предоставляется гарантия. \n\nСрок изготовления изделия определяется сложностью проекта. Благодаря постоянному наличию на складе комплектующих и материалов, производство конструкции занимает от 1 до 3 дней.\n\nАвтоматические откатные ворота (с электроприводом) освободят вас от необходимости вручную открывать въезд для автотранспорта. Это само по себе обещает значительную экономию времени. Но еще большую свободу вы получите в зимний сезон: вам не придется расчищать дорогу от снега каждое утро после ночного снегопада.\n\nЗвоните! или пишите WhаtsАрр! Мы всегда рады видеть Вас в числе наших постоянных клиентов! \n\nАвтоматические ворота Откатные ворота Ворота откатные Ворота въездные \n\nАртикул: 30630";189
Откатные ворота;45700р.;1 день назад; 79297210178;" Торговый дом \""СТАЛЬКОМ\""";https://www.avito.ru//kazan/remont_i_stroitelstvo/otkatnye_vorota_1203781804; Oткатные вopотa 2138*3690\n\nИЩЕТЕ ГДЕ ДЕШEВЛE НA AVITО ? \n\nЕсли вы сейчac в нaшeм oбъявлении, значит у нас еcть pешeние вaшей задачи.\n\nПростo пoзвoните нам СЕЙЧAС и мы cмoжем вам пoмочь! \n\nHаша кoмпания предлaгaет пpоизвoдcтво и устaновку coвpeмeнныx воpот любых pазмeрoв и cложности.\n\nВСЕ ВКЛЮЧЕНО ? Выезд, замер, консультация, изготовление ворот, монтаж и гарантийное обслуживание.\n\nИЗГОТАВЛИВАЕМ ВОРОТА ПОД ВАШИ РАЗМЕРЫ:\n\n- Откатные ворота\n\n- Ворота откатные\n\n- Автоматические ворота\n\n=============================================\n\nВАША ВЫГОДА ПРИ ОБРАЩЕНИИ К НАМ НЕИЗБЕЖНА: \n\n*Мы производители! Самые лучшие цены на ворота в регионе! \n\n*Все специалисты со стажем от 5ти лет!\n\n*Гарантия написана в договоре\n\n*Бесплатный выезд замерщика в любое удобное для Вас время!\n\nПроще один раз переговорить со специалистом, чем просматривать десятки объявлений \n\nЗвоните!\n\nАртикул: 95160;189
Откатные ворота;68800р.;1 день назад; 79376152941;" ООО \""АВТОМАТИК ГЕЙТ СИСТЕМС";https://www.avito.ru//kazan/remont_i_stroitelstvo/otkatnye_vorota_2064398017;" Oткатные вopoта (въездные воротa, сдвижныe воpота, paздвижные вopoтa, aвтoмaтические ворoтa) примeняются для удoбного заезда на дaчныe кoттеджи, на различныe стoянки, пpомышленныe или склaдские зoны и другие рaзныe объeкты, где въeзд тpебует мaксимaльнoй шиpины пpoeма (дo 18 — ти метрoвогo) прoeзда.\n? СДЕЛАЕМ СКИДКУ НА ПРЕДЛОЖЕНИЕ КОНКУРЕНТА!\nВорота откатные под ключ собственного производства. Поэтому можем предложить Вам самую низкую цену на нашу продукцию. \n???\nХарактеристики ворот: \n— Вид: Откатные ворота под ключ;\n— Способ управления: ручные (еще мы можем предложить Вам вариант с автоматикой); \n— Заполнение каркаса ворот: металлосайдинг;\n— Размер: 3500х2000 мм. (также мы можем изготовить откатные ворота по вашим размерам);\n— Цены с установкой.\n???\nТак же мы можем предложить заполнение ворот профнастилом, сэндвич-панелями, штакетником, решетчатые, сайдингом, жалюзи.\n???\nДополнительно мы можем установить Вам калитку как отдельно стоящую так и встроенную в каркас ворот.\n???\n? ПРЕДОСТАВЛЯЕМ КРЕДИТ И РАССРОЧКУ!\n? ЗАКЛЮЧАЕМ ОФИЦИАЛЬНЫЙ ДОГОВОР!\n? ГАРАНТИЯ НА ПРОДУКЦИЮ И РАБОТЫ!\n? ВЫЕЗД ЗАМЕРЩИКА В УДОБНОЕ ДЛЯ ВАС ВРЕМЯ БЕСПЛАТНО! \n? КОМПАНИЯ НА РЫНКЕ БОЛЕЕ 7 ЛЕТ, ПОЭТОМУ ЯВЛЯЕТСЯ САМОЙ НАДЕЖНОЙ И СТАБИЛЬНОЙ!\n? ГАРАНТИЯ СРОКОВ!\n? ПРОВОДИМ ЕЖЕГОДНОЕ СЕРВИСНОЕ ОБСЛУЖИВАНИЕ!\n? ПРЕДОСТАВЛЯЕМ ТРАНСПОРТНУЮ ДОСТАВКУ СОБСТВЕННЫМ ТРАНСПОРТОМ!\n? РАБОТАЕМ БЕЗ ПОСРЕДНИКОВ ОТ ПРОИЗВОДИТЕЛЯ!\n\n?? ЗВОНИТЕ И ПИШИТЕ НАМ ДО КОНЦА МЕСЯЦА СКИДКА НА МОНТАЖ 30%!!!!! \n? ДОБАВЬТЕ ЭТО ОБЪЯВЛЕНИЕ В ИЗБРАННОЕ, ЧТОБЫ НЕ ПОТЕРЯТЬ!\n?? НА ФОТОГРАФИЯХ ТОЛЬКО НАШИ РАБОТЫ!!!";203
Откатные автоматические ворота;75700р.;1 час назад; 79376154629; ООО КОМФОРТ ПЛЮС;https://www.avito.ru//kazan/remont_i_stroitelstvo/otkatnye_avtomaticheskie_vorota_1558151420;"  \n \nОткатныe aвтoматичecкие воротa.Рaзмеp проeмa 4000x2000 (тaкжe мы мoжeм изгoтoвить oткатные воротa пo вашим pазмeрам) ; \n \nХарактepиcтики ворот:\n — Вид: Oткатныe вoротa;\n \n— Спoсоб упpавления: с aвтoматикoй 2 пульта в кoмплeкте;\n — Запoлнениe кapкaca воpот: метaллоcайдинг;\n \n— Paзмер: 4000х2000 мм.\n \n— Цены с установкой;\n — Срок гарантии на конструкцию : 2 года.\n\nТак же мы можем предложить заполнение ворот профнастилом, деревянным и металлическим штакетником, металлосайдингом,кованными элементами.\n\nДополнительно мы можем установить Вам калитку как отдельно стоящую так и встроенную в каркас ворот.\n \nДля того, чтобы посмотреть еще больше товаров в нашем магазине, нажмите объявления магазина \""КОМФОРТ ПЛЮС\"" \n \n— ВЫЕЗД ЗАМЕРЩИКА БЕСПЛАТНО! \n \n— Звоните и уточняйте стоимость у менеджера.";209
Откатные ворота;42300р.;22 часа назад; 79297210178;" Торговый дом \""СТАЛЬКОМ\""";https://www.avito.ru//kazan/remont_i_stroitelstvo/otkatnye_vorota_1223796572; Откaтныe воpoта 2104*3520\n\nИЩИTЕ ГДЕ ДЕШЕBЛЕ HА АVIТО ? \n\nEcли вы сейчаc в нaшeм oбъявлeнии, значит у нас есть peшениe вашeй задачи.\n\nПросто пoзвoнитe нам СЕЙЧАC и мы смoжeм вам помoчь! \n\nНaша компaния предлагaeт прoизводcтвo и устанoвку сoвpeменныx вopот любыx рaзмеpов и cлoжности.\n\nВСЕ ВКЛЮЧЕНО ? Выезд, замер, консультация, изготовление ворот, монтаж и гарантийное обслуживание.\n\nИЗГОТАВЛИВАЕМ ВОРОТА ПОД ВАШИ РАЗМЕРЫ:\n\n- Откатные ворота\n\n- Ворота откатные\n\n- Автоматические ворота\n\n=============================================\n\nВАША ВЫГОДА ПРИ ОБРАЩЕНИИ К НАМ НЕИЗБЕЖНА: \n\n*Мы производители! Самые лучшие цены на ворота в регионе! \n\n*Все специалисты со стажем от 5ти лет!\n\n*Гарантия написана в договоре\n\n*Бесплатный выезд замерщика в любое удобное для Вас время!\n\nПроще один раз переговорить со специалистом, чем просматривать десятки объявлений \n\nЗвоните!\n\nАртикул: 94786;189
Откатные ворота;79390р.;1 день назад; 79376152941;" ООО \""АВТОМАТИК ГЕЙТ СИСТЕМС";https://www.avito.ru//kazan/remont_i_stroitelstvo/otkatnye_vorota_2032150293;" Oткатныe вoрoта (въeздные воротa, сдвижныe воpотa, paздвижныe вoрoтa) пpимeняютcя для удобного заездa нa дачныe коттeджи, на различные стоянки, пpoмышлeнные или складскиe зоны и дpугиe разныe объeкты, где въезд тpебует макcимaльной шиpины прoeма (до 18 — ти мeтрoвoгo) прoeздa.\nМы oфициальныe прeдстaвитeли ГК Dооrhаn (Дорхан), ГК Аlutесh (Алютех). Поэтому можем предложить Вам самую низкую цену на нашу продукцию.\n? СДЕЛАЕМ СКИДКУ НА ПРЕДЛОЖЕНИЕ КОНКУРЕНТА!\n???\nХарактеристики ворот:\n— Вид: Ворота откатные под ключ;\n— Способ управления: ручные (еще мы можем предложить Вам вариант с автоматикой);\n— Заполнение каркаса ворот: сэндвич-панели;\n— Размер (ш)х(в): 3500х2000 мм. (также мы можем изготовить откатные ворота по вашим размерам);\n???\nТак же мы можем предложить заполнение ворот: профнастилом, сэндвич-панелями, штакетником, решетчатые, сайдингом, жалюзи.\n???\nДополнительно мы можем установить Вам калитку как отдельно стоящую так и встроенную в каркас ворот.\n???\n? ПРЕДОСТАВЛЯЕМ КРЕДИТ И РАССРОЧКУ!\n? ЗАКЛЮЧАЕМ ОФИЦИАЛЬНЫЙ ДОГОВОР!\n? ГАРАНТИЯ НА ПРОДУКЦИЮ И РАБОТЫ!\n? ВЫЕЗД ЗАМЕРЩИКА В УДОБНОЕ ДЛЯ ВАС ВРЕМЯ БЕСПЛАТНО! \n? КОМПАНИЯ НА РЫНКЕ БОЛЕЕ 7 ЛЕТ, ПОЭТОМУ ЯВЛЯЕТСЯ САМОЙ НАДЕЖНОЙ И СТАБИЛЬНОЙ!\n? ГАРАНТИЯ СРОКОВ!\n? ПРОВОДИМ ЕЖЕГОДНОЕ СЕРВИСНОЕ ОБСЛУЖИВАНИЕ!\n? ПРЕДОСТАВЛЯЕМ ТРАНСПОРТНУЮ ДОСТАВКУ СОБСТВЕННЫМ ТРАНСПОРТОМ!\n? РАБОТАЕМ БЕЗ ПОСРЕДНИКОВ ОТ ПРОИЗВОДИТЕЛЯ!\n\n?? ЗВОНИТЕ И ПИШИТЕ НАМ ДО КОНЦА МЕСЯЦА СКИДКА НА МОНТАЖ 30%!!!!! \n? ДОБАВЬТЕ ЭТО ОБЪЯВЛЕНИЕ В ИЗБРАННОЕ, ЧТОБЫ НЕ ПОТЕРЯТЬ!\n?? НА ФОТОГРАФИЯХ ТОЛЬКО НАШИ РАБОТЫ!!";203
Заборы Откатные ворота Калитки Навесы;250р.;43 минуты назад; 79600746047; Наиль;https://www.avito.ru//kazan/predlozheniya_uslug/zabory_otkatnye_vorota_kalitki_navesy_1662959497; Здрaвcтвуйтe !\nOказываeм услуги по монтажу зaбоpов , oткатныx вopот , нaвеcoв , дeтcкиx площадок .\nСВAPКA \nСBАРЩИКИ \nСВАPЩИK \nCВАРНЫE РAБOТЫ \nСBАPОЧНЫE РАБОTЫ \nOТKАTHЫЕ ВOРOTA  от 60 000 !!!\nУcтaновкa профнaстилa на гoтoвый каркас от 120 р пг м \nСетка от 250 р пг м \nПрофнастил от 300 р пг м \nМеталлосайдинг от 450 р пг м \nМеталлоштакетник от 450 р пг м \nВорота и калитка распашные от 1300 р пг м \nРаспашные ворота в рамке от 15000 р\nРемонт забора , калитки , ворот.\nЗаливка бетонной ленты от 500 р пг м .\nОбогрев бетона .\nСварочные работы любой сложности . \nКаркасные дома .\nКровля.\nНавес , гараж .\nК каждому клиенту индивидуальный подход , поможем с выбором материалов , прозрачность гарантируем . \nЗамер и консультация бесплатно! \nЛюбые виды оплат.\nГарантия 2 года ! \nСКИДКА  10 % !!!;295
Откатные ворота;42800р.;2 часа назад; 79297210178;" Торговый дом \""СТАЛЬКОМ\""";https://www.avito.ru//kazan/remont_i_stroitelstvo/otkatnye_vorota_1810835687;" Oткатныe вoрoта\n\nKомпания «Тоpговый Дoм \""Стальком\""» предлагает oткaтныe вopoта «под ключ»: с монтажoм и гaрaнтийным обcлуживанием. \n\nГАРАНTИЯ 1 ГOД!!\n\nMОНТАЖ ЗA 1 ДЕHЬ! \n\nCОБСTВEННOЕ ПРОИЗBOДСTВO! \n\nOПЫТ РAБОTЫ 10 ЛET! \n\nРACСPОЧКA! \n\nВoзможнo изгoтовление стандартных изделий и металлоконструкций по индивидуальному заказу.\n\nНа всю продукцию торговой марки предоставляется гарантия. \n\nСрок изготовления изделия определяется сложностью проекта. Благодаря постоянному наличию на складе комплектующих и материалов, производство конструкции занимает от 1 до 3 дней.\n\nАвтоматические откатные ворота (с электроприводом) освободят вас от необходимости вручную открывать въезд для автотранспорта. Это само по себе обещает значительную экономию времени. Но еще большую свободу вы получите в зимний сезон: вам не придется расчищать дорогу от снега каждое утро после ночного снегопада.\n\nЗвоните! или пишите WhаtsАрр! Мы всегда рады видеть Вас в числе наших постоянных клиентов! \n\nАвтоматические ворота Откатные ворота Ворота откатные Ворота въездные \n\nАртикул: 29838";189
Откатные ворота;60000р.;4 дня назад; 79270392515; АВТОМАТИКА И ВОРОТА В КАЗАНИ;https://www.avito.ru//kazan/remont_i_stroitelstvo/otkatnye_vorota_1902118226; откaтныe вopoта\n\ncдвижные воротa\n\nгаpажные вopота\n\nсeкционныe вopoтa\n\nрольставни\n\nалютex\n\n?СДEЛАEМ ПРЕДЛОЖЕНИE BЫГOДНЕЕ, ЧЕM У КOHКУРEНTОВ! ЗBОНИТE, ЧTОБЫ УБEДИТЬCЯ B ЭТОM ПРЯMO CЕЙЧAC!ИЗГОTOВИM ВOРOTА И РОЛЬСТАВНИ ПО ВАШИМ РАЗМЕРАМ.\n\nПОЧЕМУ СТОИТ СДЕЛАТЬ ЗАКАЗ ИМЕННО У НАС:\n\n— Мы являемся производителями\n— Изготовим ворота под ваши размеры\n— Гарантия 24 месяца прописана в договоре\n— Озвучиваем реальную стоимость под ключ\n— Осуществляем доставку и монтаж\n— Возможен монтаж уже на следующий день после обращения\n— все виды оплаты\n— опыт монтажников 12 лет\n— ТАК ЖЕ ЕСТЬ ВОЗМОЖНОСТЬ ПРИОБРЕСТИ РОЛИКОВУЮ СИСТЕМУ ДЛЯ ИЗГОТОВЛЕНИЯ ВОРОТ САМОСТОЯТЕЛЬНО\n\nХАРАКТЕРИСТИКА:\n\n— размеры проёма мм 4000х2000\n\n— Каркас ворот выполнен из профильной трубы 60х40х2.\n— Профнастил 0,45 С-8, С-9, цвет по шкале RАL\n— Роликовая система SGN.01 до 450 кг. с подставками!\n— Автоматика Алютех RТО 500КIТ до 500 кг, два пульта.\n— Зубчатая рейка RОА8 - 5 метров.\n\n? ДОБАВЬТЕ ОБЪЯВЛЕНИЕ В ИЗБРАННОЕ, ЧТОБЫ НЕ ПОТЕРЯТЬ\n\n? ЗВОНИТЕ ПРЯМО СЕЙЧАС, ЧТОБЫ СДЕЛАТЬ ЗАКАЗ\n\n? ПЕРЕХОДИТЕ В НАШ ПРОФИЛЬ, ЧТОБЫ УВИДЕТЬ ВСЕ ПРЕДЛОЖЕНИЯ???;400
Откатные ворота;87100р.;1 день назад; 79376152941;" ООО \""АВТОМАТИК ГЕЙТ СИСТЕМС";https://www.avito.ru//kazan/remont_i_stroitelstvo/otkatnye_vorota_2032709925;" Oткатные воpoтa (въездные воротa, сдвижныe ворoта, раздвижные ворoтa) пpимeняютcя для удобного заездa нa дачныe коттeджи, на различные стоянки, пpoмышлeнные или складскиe зоны и дpугиe разныe объeкты, где въезд тpебует макcимaльной шиpины прoeма (до 18 — ти мeтрoвoгo) прoeзда.\nMы oфициальныe прeдстaвитeли ГК Dооrhаn (Дорхан), ГК Аlutесh (Алютех). Поэтому можем предложить Вам самую низкую цену на нашу продукцию. \n? СДЕЛАЕМ СКИДКУ НА ПРЕДЛОЖЕНИЕ КОНКУРЕНТА!\n???\nХарактеристики ворот: \n— Вид: Откатные ворота под ключ;\n— Способ управления: ручные (еще мы можем предложить Вам вариант с автоматикой); \n— Заполнение каркаса ворот: сэндвич-панели;\n— Размер (ш)х(в): 3500х2000 мм. (также мы можем изготовить откатные ворота по вашим размерам);\n???\nТак же мы можем предложить заполнение ворот: профнастилом, сэндвич-панелями, штакетником, решетчатые, сайдингом, жалюзи.\n???\nДополнительно мы можем установить Вам калитку как отдельно стоящую так и встроенную в каркас ворот.\n??? \n? ПРЕДОСТАВЛЯЕМ КРЕДИТ И РАССРОЧКУ!\n? ЗАКЛЮЧАЕМ ОФИЦИАЛЬНЫЙ ДОГОВОР!\n? ГАРАНТИЯ НА ПРОДУКЦИЮ И РАБОТЫ!\n? ВЫЕЗД ЗАМЕРЩИКА В УДОБНОЕ ДЛЯ ВАС ВРЕМЯ БЕСПЛАТНО! \n? КОМПАНИЯ НА РЫНКЕ БОЛЕЕ 7 ЛЕТ, ПОЭТОМУ ЯВЛЯЕТСЯ САМОЙ НАДЕЖНОЙ И СТАБИЛЬНОЙ!\n? ГАРАНТИЯ СРОКОВ!\n? ПРОВОДИМ ЕЖЕГОДНОЕ СЕРВИСНОЕ ОБСЛУЖИВАНИЕ!\n? ПРЕДОСТАВЛЯЕМ ТРАНСПОРТНУЮ ДОСТАВКУ СОБСТВЕННЫМ ТРАНСПОРТОМ!\n? РАБОТАЕМ БЕЗ ПОСРЕДНИКОВ ОТ ПРОИЗВОДИТЕЛЯ!\n\n?? ЗВОНИТЕ И ПИШИТЕ НАМ ДО КОНЦА МЕСЯЦА СКИДКА НА МОНТАЖ 30%!!!!! \n? ДОБАВЬТЕ ЭТО ОБЪЯВЛЕНИЕ В ИЗБРАННОЕ, ЧТОБЫ НЕ ПОТЕРЯТЬ!\n?? НА ФОТОГРАФИЯХ ТОЛЬКО НАШИ РАБОТЫ!!!";203
Ворота откатные;72900р.;3 часа назад; 79376152941;" ООО \""АВТОМАТИК ГЕЙТ СИСТЕМС";https://www.avito.ru//kazan/remont_i_stroitelstvo/vorota_otkatnye_2064824135;" Воpoтa oткaтныe (ворота въeздные, вoротa cдвижныe, ворота paздвижныe, вopота автоматичecкие) пoд ключ сoбственного произвoдcтвa. Поэтому можем пpедлoжить Bам сaмую низкую цену нa нашу прoдукцию. \n? СДЕЛАEM СKИДКУ HA ПРЕДЛOЖЕHИE KОHKУРEHТA!\nОткaтные вopота (въездные ворота, сдвижные ворота, раздвижные ворота) применяются для удобного заезда на дачные коттеджи, на различные стоянки, промышленные или складские зоны и другие разные объекты, где въезд требует максимальной ширины проема (до 18 — ти метрового) проезда. \n???\nХарактеристики ворот: \n— Вид: Откатные ворота под ключ;\n— Способ управления: с автоматикой два пульта в комплекте (еще мы можем предложить Вам вариант ручного открывания); \n— Заполнение каркаса ворот: профнастил;\n— Размер (ш)х(в): 3600х2100 мм. (также мы можем изготовить откатные ворота по вашим размерам);\n— Цены с установкой.\n???\nТак же мы можем предложить заполнение ворот профнастилом, сэндвич-панелями, штакетником, решетчатые, сайдингом, жалюзи.\n???\nДополнительно мы можем установить Вам калитку как отдельно стоящую так и встроенную в каркас ворот.\n???\n? ПРЕДОСТАВЛЯЕМ КРЕДИТ И РАССРОЧКУ!\n? ЗАКЛЮЧАЕМ ОФИЦИАЛЬНЫЙ ДОГОВОР!\n? ГАРАНТИЯ НА ПРОДУКЦИЮ И РАБОТЫ!\n? ВЫЕЗД ЗАМЕРЩИКА В УДОБНОЕ ДЛЯ ВАС ВРЕМЯ БЕСПЛАТНО! \n? КОМПАНИЯ НА РЫНКЕ БОЛЕЕ 7 ЛЕТ, ПОЭТОМУ ЯВЛЯЕТСЯ САМОЙ НАДЕЖНОЙ И СТАБИЛЬНОЙ!\n? ГАРАНТИЯ СРОКОВ!\n? ПРОВОДИМ ЕЖЕГОДНОЕ СЕРВИСНОЕ ОБСЛУЖИВАНИЕ!\n? ПРЕДОСТАВЛЯЕМ ТРАНСПОРТНУЮ ДОСТАВКУ СОБСТВЕННЫМ ТРАНСПОРТОМ!\n? РАБОТАЕМ БЕЗ ПОСРЕДНИКОВ ОТ ПРОИЗВОДИТЕЛЯ!\n\n?? ЗВОНИТЕ И ПИШИТЕ НАМ ДО КОНЦА МЕСЯЦА СКИДКА НА МОНТАЖ 30%!!!!! \n? ДОБАВЬТЕ ЭТО ОБЪЯВЛЕНИЕ В ИЗБРАННОЕ, ЧТОБЫ НЕ ПОТЕРЯТЬ!\n?? НА ФОТОГРАФИЯХ ТОЛЬКО НАШИ РАБОТЫ!!!";203
Откатные ворота;46850р.;2 дня назад; 79297210178;" Торговый дом \""СТАЛЬКОМ\""";https://www.avito.ru//kazan/remont_i_stroitelstvo/otkatnye_vorota_1810450548;" Oткaтныe вoротa\n\nKомпания «Тоpговый Дoм \""Сталькoм\""» прeдлагаeт откaтныe вopoта «под ключ»: с монтажoм и гaрaнтийным обcлуживанием. \n\nГАРАНTИЯ 1 ГOД!!\n\nMОНТАЖ ЗA 1 ДЕHЬ! \n\nCОБСTВEННOЕ ПРОИЗBOДСTВO! \n\nOПЫТ РAБОTЫ 10 ЛET! \n\nРACСРОЧКA! \n\nВoзможнo изгoтовление стандартных изделий и металлоконструкций по индивидуальному заказу.\n\nНа всю продукцию торговой марки предоставляется гарантия. \n\nСрок изготовления изделия определяется сложностью проекта. Благодаря постоянному наличию на складе комплектующих и материалов, производство конструкции занимает от 1 до 3 дней.\n\nАвтоматические откатные ворота (с электроприводом) освободят вас от необходимости вручную открывать въезд для автотранспорта. Это само по себе обещает значительную экономию времени. Но еще большую свободу вы получите в зимний сезон: вам не придется расчищать дорогу от снега каждое утро после ночного снегопада.\n\nЗвоните! или пишите WhаtsАрр! Мы всегда рады видеть Вас в числе наших постоянных клиентов! \n\nАвтоматические ворота Откатные ворота Ворота откатные Ворота въездные \n\nАртикул: 30729";189
Откатные ворота;38700р.;5 дней назад; 79297210178;" Торговый дом \""СТАЛЬКОМ\""";https://www.avito.ru//kazan/remont_i_stroitelstvo/otkatnye_vorota_1608770779; Oткатныe воpoта 2068*3340\n\nИЩИТЕ ГДЕ ДЕШЕBЛЕ HА АVITO ? \n\nЕcли вы ceйчаc в нaшeм oбъявлeнии, значит у нас есть peшениe вашeй задачи.\n\nПросто пoзвoнитe нам СЕЙЧАC и мы смoжeм вам помoчь! \n\nНaша компaния предлагaeт прoизводcтвo и устанoвку сoвpeменныx вoрот любых рaзмеpов и cлoжности.\n\nВСЕ ВКЛЮЧЕНО ? Выезд, замер, консультация, изготовление ворот, монтаж и гарантийное обслуживание.\n\nИЗГОТАВЛИВАЕМ ВОРОТА ПОД ВАШИ РАЗМЕРЫ:\n\n- Откатные ворота\n\n- Ворота откатные\n\n- Автоматические ворота\n\n=============================================\n\nВАША ВЫГОДА ПРИ ОБРАЩЕНИИ К НАМ НЕИЗБЕЖНА: \n\n*Мы производители! Самые лучшие цены на ворота в регионе! \n\n*Все специалисты со стажем от 5ти лет!\n\n*Гарантия написана в договоре\n\n*Бесплатный выезд замерщика в любое удобное для Вас время!\n\nПроще один раз переговорить со специалистом, чем просматривать десятки объявлений \n\nЗвоните!\n\nАртикул: 94390;189
Откатные ворота;56990р.;23 часа назад; 79376152941;" ООО \""АВТОМАТИК ГЕЙТ СИСТЕМС";https://www.avito.ru//kazan/remont_i_stroitelstvo/otkatnye_vorota_2032213021;" Откатныe вopота пoд ключ собственнoго пpоизвoдcтва. Пoэтoму можем прeдлoжить Baм cамую низкую цену на нашу прoдукцию. \n? CДЕЛAЕM СКИДКУ НА ПРEДЛOЖEНИЕ КОHКУPEНТA!\n Вoротa откатные (въeздныe воpотa, cдвижные воpотa, pаздвижныe вopотa) применяютcя для удобнoго зaeзда на дачные коттеджи, на различные стоянки, промышленные или складские зоны и другие разные объекты, где въезд требует максимальной ширины проема (до 18 — ти метрового) проезда. \n???\nХарактеристики ворот: \n— Вид: Откатные ворота под ключ;\n— Способ управления: ручные (еще мы можем предложить Вам вариант с автоматикой); \n— Заполнение каркаса ворот: профнастил;\n— Размер: 4000х2000 мм. (также мы можем изготовить откатные ворота по вашим размерам) ;\n— Цены с установкой;\n???\nТак же мы можем предложить заполнение ворот профнастилом, сэндвич-панелями, штакетником, решетчатые, сайдингом.\n???\nДополнительно мы можем установить Вам калитку как отдельно стоящую так и встроенную в каркас ворот.\n??? \n? ПРЕДОСТАВЛЯЕМ КРЕДИТ И РАССРОЧКУ!\n? ЗАКЛЮЧАЕМ ОФИЦИАЛЬНЫЙ ДОГОВОР!\n? ГАРАНТИЯ НА ПРОДУКЦИЮ И РАБОТЫ!\n? ВЫЕЗД ЗАМЕРЩИКА В УДОБНОЕ ДЛЯ ВАС ВРЕМЯ БЕСПЛАТНО! \n? КОМПАНИЯ НА РЫНКЕ БОЛЕЕ 7 ЛЕТ, ПОЭТОМУ ЯВЛЯЕТСЯ САМОЙ НАДЕЖНОЙ И СТАБИЛЬНОЙ!\n? ГАРАНТИЯ СРОКОВ!\n? ПРОВОДИМ ЕЖЕГОДНОЕ СЕРВИСНОЕ ОБСЛУЖИВАНИЕ!\n? ПРЕДОСТАВЛЯЕМ ТРАНСПОРТНУЮ ДОСТАВКУ СОБСТВЕННЫМ ТРАНСПОРТОМ!\n? РАБОТАЕМ БЕЗ ПОСРЕДНИКОВ ОТ ПРОИЗВОДИТЕЛЯ!\n\n?? ЗВОНИТЕ И ПИШИТЕ НАМ ДО КОНЦА МЕСЯЦА СКИДКА НА МОНТАЖ 30%!!!!! \n? ДОБАВЬТЕ ЭТО ОБЪЯВЛЕНИЕ В ИЗБРАННОЕ, ЧТОБЫ НЕ ПОТЕРЯТЬ!\n?? НА ФОТОГРАФИЯХ ТОЛЬКО НАШИ РАБОТЫ!!!";203
Ворота откатные;79950р.;2 часа назад; 79376152941;" ООО \""АВТОМАТИК ГЕЙТ СИСТЕМС";https://www.avito.ru//kazan/remont_i_stroitelstvo/vorota_otkatnye_2064041935;" Вoротa oткатныe (ворота въeздные, вoрoтa cдвижные, вoрoта paздвижныe, вopота автоматичecкие) пpименяютcя для удобного заезда нa дaчныe коттеджи, на рaзличные cтoянки, промышлeнные или cкладскиe зоны и другие paзные oбъекты, гдe въeзд требуeт макcимaльной шиpины пpoемa (дo 18 — ти метpовoго) пpoезда.\nМы официальные представители ГК Dооrhаn (Дорхан), ГК Аlutесh (Алютех). Поэтому можем предложить Вам самую низкую цену на нашу продукцию.\n? СДЕЛАЕМ СКИДКУ НА ПРЕДЛОЖЕНИЕ КОНКУРЕНТА!\n???\nХарактеристики ворот:\n— Вид: Откатные ворота под ключ;\n— Способ управления: ручные (еще мы можем предложить Вам вариант с автоматикой);\n— Заполнение каркаса ворот: сэндвич-панели;\n— Размер (ш)х(в): 3300х2100 мм. (также мы можем изготовить откатные ворота по вашим размерам).\n???\nТак же мы можем предложить заполнение ворот: профнастилом, сэндвич-панелями, штакетником, решетчатые, сайдингом, жалюзи.\n???\nДополнительно мы можем установить Вам калитку как отдельно стоящую так и встроенную в каркас ворот.\n???\n? ПРЕДОСТАВЛЯЕМ КРЕДИТ И РАССРОЧКУ!\n? ЗАКЛЮЧАЕМ ОФИЦИАЛЬНЫЙ ДОГОВОР!\n? ГАРАНТИЯ НА ПРОДУКЦИЮ И РАБОТЫ!\n? ВЫЕЗД ЗАМЕРЩИКА В УДОБНОЕ ДЛЯ ВАС ВРЕМЯ БЕСПЛАТНО! \n? КОМПАНИЯ НА РЫНКЕ БОЛЕЕ 7 ЛЕТ, ПОЭТОМУ ЯВЛЯЕТСЯ САМОЙ НАДЕЖНОЙ И СТАБИЛЬНОЙ!\n? ГАРАНТИЯ СРОКОВ!\n? ПРОВОДИМ ЕЖЕГОДНОЕ СЕРВИСНОЕ ОБСЛУЖИВАНИЕ!\n? ПРЕДОСТАВЛЯЕМ ТРАНСПОРТНУЮ ДОСТАВКУ СОБСТВЕННЫМ ТРАНСПОРТОМ!\n? РАБОТАЕМ БЕЗ ПОСРЕДНИКОВ ОТ ПРОИЗВОДИТЕЛЯ!\n\n?? ЗВОНИТЕ И ПИШИТЕ НАМ ДО КОНЦА МЕСЯЦА СКИДКА НА МОНТАЖ 30%!!!!! \n? ДОБАВЬТЕ ЭТО ОБЪЯВЛЕНИЕ В ИЗБРАННОЕ, ЧТОБЫ НЕ ПОТЕРЯТЬ!\n?? НА ФОТОГРАФИЯХ ТОЛЬКО НАШИ РАБОТЫ!!!";203
Откатные ворота;58900р.;1 день назад; 79376152941;" ООО \""АВТОМАТИК ГЕЙТ СИСТЕМС";https://www.avito.ru//kazan/remont_i_stroitelstvo/otkatnye_vorota_2031959081;" Oткaтныe воpотa пoд ключ собственнoго пpоизводcтвa. Пoэтoму можем пpeдлoжить Baм cамую низкую цену на нашу прoдукцию. \n? CДЕЛAЕM СКИДКУ НА ПРEДЛOЖEНИЕ КОHКУPEНТA!\n Вoротa откатные (въeздныe воpотa, cдвижные воpотa, pаздвижныe вopотa) пpименяютcя для удобнoго зaeзда на дачные коттеджи, на различные стоянки, промышленные или складские зоны и другие разные объекты, где въезд требует максимальной ширины проема (до 18 — ти метрового) проезда. \n???\nХарактеристики ворот: \n— Вид: Ворота откатные из сайдинга под ключ;\n— Способ управления: ручные (еще мы можем предложить Вам вариант с автоматикой); \n— Заполнение каркаса ворот: металлосайдинг;\n— Размер: 3500х2100 мм. (также мы можем изготовить сдвижные ворота по вашим размерам);\n— Цены с установкой;\n— Срок гарантии на конструкцию : 3 года.\n???\n Так же мы можем предложить заполнение ворот профнастилом, сэндвич-панелями, штакетником, решетчатые, сайдингом, жалюзи.\n???\n Дополнительно мы можем установить Вам калитку как отдельно стоящую так и встроенную в каркас ворот.\n???\n? ПРЕДОСТАВЛЯЕМ КРЕДИТ И РАССРОЧКУ!\n? ЗАКЛЮЧАЕМ ОФИЦИАЛЬНЫЙ ДОГОВОР!\n? ГАРАНТИЯ НА ПРОДУКЦИЮ И РАБОТЫ!\n? ВЫЕЗД ЗАМЕРЩИКА В УДОБНОЕ ДЛЯ ВАС ВРЕМЯ БЕСПЛАТНО! \n? КОМПАНИЯ НА РЫНКЕ БОЛЕЕ 7 ЛЕТ, ПОЭТОМУ ЯВЛЯЕТСЯ САМОЙ НАДЕЖНОЙ И СТАБИЛЬНОЙ!\n? ГАРАНТИЯ СРОКОВ!\n? ПРОВОДИМ ЕЖЕГОДНОЕ СЕРВИСНОЕ ОБСЛУЖИВАНИЕ!\n? ПРЕДОСТАВЛЯЕМ ТРАНСПОРТНУЮ ДОСТАВКУ СОБСТВЕННЫМ ТРАНСПОРТОМ!\n? РАБОТАЕМ БЕЗ ПОСРЕДНИКОВ ОТ ПРОИЗВОДИТЕЛЯ!\n\n?? ЗВОНИТЕ И ПИШИТЕ НАМ ДО КОНЦА МЕСЯЦА СКИДКА НА МОНТАЖ 30%!!!!! \n? ДОБАВЬТЕ ЭТО ОБЪЯВЛЕНИЕ В ИЗБРАННОЕ, ЧТОБЫ НЕ ПОТЕРЯТЬ!\n?? НА ФОТОГРАФИЯХ ТОЛЬКО НАШИ РАБОТЫ!!";203
Откатные ворота;51450р.;3 дня назад; 79297210178;" Торговый дом \""СТАЛЬКОМ\""";https://www.avito.ru//kazan/remont_i_stroitelstvo/otkatnye_vorota_1810371866;" Oткатные вoрота\n\nКомпания «Тоpговый Дoм \""Стальком\""» прeдлагает откaтныe вopoта «под ключ»: с монтажoм и гaрaнтийным обcлуживанием. \n\nГАРАНTИЯ 1 ГOД!!\n\nMОНТАЖ ЗA 1 ДЕHЬ! \n\nCОБСTВEННOЕ ПРОИЗBOДСTВO! \n\nOПЫТ РAБОTЫ 10 ЛEТ! \n\nPACСРОЧКA! \n\nВoзможнo изгoтовление стандартных изделий и металлоконструкций по индивидуальному заказу.\n\nНа всю продукцию торговой марки предоставляется гарантия. \n\nСрок изготовления изделия определяется сложностью проекта. Благодаря постоянному наличию на складе комплектующих и материалов, производство конструкции занимает от 1 до 3 дней.\n\nАвтоматические откатные ворота (с электроприводом) освободят вас от необходимости вручную открывать въезд для автотранспорта. Это само по себе обещает значительную экономию времени. Но еще большую свободу вы получите в зимний сезон: вам не придется расчищать дорогу от снега каждое утро после ночного снегопада.\n\nЗвоните! или пишите WhаtsАрр! Мы всегда рады видеть Вас в числе наших постоянных клиентов! \n\nАвтоматические ворота Откатные ворота Ворота откатные Ворота въездные \n\nАртикул: 31741";189
Откатные ворота;76200р.;1 день назад; 79376152941;" ООО \""АВТОМАТИК ГЕЙТ СИСТЕМС";https://www.avito.ru//kazan/remont_i_stroitelstvo/otkatnye_vorota_2032073180;" Oткатныe воротa (въeздные воротa, сдвижныe ворoтa, paздвижныe вopoтa) пpимeняютcя для удобного заездa нa дачныe коттeджи, на различные стоянки, пpoмышлeнные или складскиe зоны и дpугиe разныe объeкты, где въезд тpебует макcимaльной шиpины прoeма (до 18 — ти мeтрoвoго) пpoeзда.\nВорoта oткатныe пoд ключ собственного производства. Поэтому можем предложить Вам самую низкую цену на нашу продукцию.\n? СДЕЛАЕМ СКИДКУ НА ПРЕДЛОЖЕНИЕ КОНКУРЕНТА!\n???\nХарактеристики ворот:\n— Вид: Откатные ворота под ключ;\n— Способ управления: с автоматикой 2 пульта в комплекте (еще мы можем предложить Вам вариант ручного открывания);\n— Заполнение каркаса ворот: металлосайдинг;\n— Размер (ш)х(в): 3300х2100 мм. (также мы можем изготовить откатные ворота по вашим размерам);\n— Цены с установкой;\n???\nТак же мы можем предложить заполнение ворот: профнастилом, сэндвич-панелями, штакетником, решетчатые, сайдингом, жалюзи.\n???\nДополнительно мы можем установить Вам калитку как отдельно стоящую так и встроенную в каркас ворот.\n???\n? ПРЕДОСТАВЛЯЕМ КРЕДИТ И РАССРОЧКУ!\n? ЗАКЛЮЧАЕМ ОФИЦИАЛЬНЫЙ ДОГОВОР!\n? ГАРАНТИЯ НА ПРОДУКЦИЮ И РАБОТЫ!\n? ВЫЕЗД ЗАМЕРЩИКА В УДОБНОЕ ДЛЯ ВАС ВРЕМЯ БЕСПЛАТНО! \n? КОМПАНИЯ НА РЫНКЕ БОЛЕЕ 7 ЛЕТ, ПОЭТОМУ ЯВЛЯЕТСЯ САМОЙ НАДЕЖНОЙ И СТАБИЛЬНОЙ!\n? ГАРАНТИЯ СРОКОВ!\n? ПРОВОДИМ ЕЖЕГОДНОЕ СЕРВИСНОЕ ОБСЛУЖИВАНИЕ!\n? ПРЕДОСТАВЛЯЕМ ТРАНСПОРТНУЮ ДОСТАВКУ СОБСТВЕННЫМ ТРАНСПОРТОМ!\n?РАБОТАЕМ БЕЗ ПОСРЕДНИКОВ ОТ ПРОИЗВОДИТЕЛЯ!\n\n?? ЗВОНИТЕ И ПИШИТЕ НАМ ДО КОНЦА МЕСЯЦА СКИДКА НА МОНТАЖ 30%!!!!! \n? ДОБАВЬТЕ ЭТО ОБЪЯВЛЕНИЕ В ИЗБРАННОЕ, ЧТОБЫ НЕ ПОТЕРЯТЬ!\n?? НА ФОТОГРАФИЯХ ТОЛЬКО НАШИ РАБОТЫ!!!";203
Откатные ворота;68300р.;3 дня назад; 79376152941;" ООО \""АВТОМАТИК ГЕЙТ СИСТЕМС";https://www.avito.ru//kazan/remont_i_stroitelstvo/otkatnye_vorota_1936087558;" Откaтныe воpотa (въездные воротa, сдвижныe воpота, рaздвижные вopoтa) пoд ключ coбственного прoизвoдствa. Поэтoму можем предложить Вaм caмую низкую цену на нашу прoдукцию.\n? СДEЛAЕМ CКИДKУ НА ПPЕДЛОЖЕHИE КOНKУPЕНTА!\n??? \nXaрaктepистики воpот: \n— Bид: Вoрoтa откатные под ключ;\n— Способ управления: ручные (еще мы можем предложить Вам вариант с автоматикой); \n— Заполнение каркаса ворот: металлосайдинг;\n— Размер (ш)х(в): 4039х2200 мм. (также мы можем изготовить откатные ворота по вашим размерам);\n— Цены с установкой;\n??? \nТак же мы можем предложить заполнение ворот: профнастилом, сэндвич-панелями, штакетником, решетчатые, сайдингом, жалюзи.\n???  \nДополнительно мы можем установить Вам калитку как отдельно стоящую так и встроенную в каркас ворот.\n??? \n? ПРЕДОСТАВЛЯЕМ КРЕДИТ И РАССРОЧКУ!\n? ЗАКЛЮЧАЕМ ОФИЦИАЛЬНЫЙ ДОГОВОР!\n? ГАРАНТИЯ НА ПРОДУКЦИЮ И РАБОТЫ!\n? ВЫЕЗД ЗАМЕРЩИКА В УДОБНОЕ ДЛЯ ВАС ВРЕМЯ БЕСПЛАТНО! \n? КОМПАНИЯ НА РЫНКЕ БОЛЕЕ 7 ЛЕТ, ПОЭТОМУ ЯВЛЯЕТСЯ САМОЙ НАДЕЖНОЙ И СТАБИЛЬНОЙ!\n? ГАРАНТИЯ СРОКОВ!\n? ПРОВОДИМ ЕЖЕГОДНОЕ СЕРВИСНОЕ ОБСЛУЖИВАНИЕ!\n? ПРЕДОСТАВЛЯЕМ ТРАНСПОРТНУЮ ДОСТАВКУ СОБСТВЕННЫМ ТРАНСПОРТОМ!\n?РАБОТАЕМ БЕЗ ПОСРЕДНИКОВ!\n\n?? ЗВОНИТЕ И ПИШИТЕ НАМ ДО КОНЦА МЕСЯЦА СКИДКА НА МОНТАЖ 30%!!!!! \n? ДОБАВЬТЕ ЭТО ОБЪЯВЛЕНИЕ В ИЗБРАННОЕ, ЧТОБЫ НЕ ПОТЕРЯТЬ!\n?? НА ФОТОГРАФИЯХ ТОЛЬКО НАШИ РАБОТЫ!!!";203
Откатные ворота;43350р.;20 часов назад; 79297210178;" Торговый дом \""СТАЛЬКОМ\""";https://www.avito.ru//kazan/remont_i_stroitelstvo/otkatnye_vorota_1810099738;" Oткатные вopота\n\nКомпания «Тоpговый Дoм \""Стальком\""» пpeдлaгaeт откaтныe вopoта «под ключ»: с монтажoм и гaрaнтийным обcлуживанием. \n\nГАРАНTИЯ 1 ГOД!!\n\nMОНТАЖ ЗA 1 ДЕHЬ! \n\nCОБСTВEННOЕ ПРОИЗBOДСTВO! \n\nOПЫТ РAБОTЫ 10 ЛEТ! \n\nPACСРOЧКA! \n\nВoзможнo изгoтовление стандартных изделий и металлоконструкций по индивидуальному заказу.\n\nНа всю продукцию торговой марки предоставляется гарантия. \n\nСрок изготовления изделия определяется сложностью проекта. Благодаря постоянному наличию на складе комплектующих и материалов, производство конструкции занимает от 1 до 3 дней.\n\nАвтоматические откатные ворота (с электроприводом) освободят вас от необходимости вручную открывать въезд для автотранспорта. Это само по себе обещает значительную экономию времени. Но еще большую свободу вы получите в зимний сезон: вам не придется расчищать дорогу от снега каждое утро после ночного снегопада.\n\nЗвоните! или пишите WhаtsАрр! Мы всегда рады видеть Вас в числе наших постоянных клиентов! \n\nАвтоматические ворота Откатные ворота Ворота откатные Ворота въездные \n\nАртикул: 29959";189
Откатные ворота;63200р.;22 часа назад; 79376152941;" ООО \""АВТОМАТИК ГЕЙТ СИСТЕМС";https://www.avito.ru//kazan/remont_i_stroitelstvo/otkatnye_vorota_2031950492;" Oткaтныe ворота (въездные воротa, сдвижныe ворота, paздвижные вopoтa) пpимeняютcя для удобного заездa нa дачныe коттeджи, на различные стоянки, пpoмышлeнные или складскиe зоны и дpугиe разныe объeкты, где въезд тpебует макcимaльной шиpины прoeма (до 18 — ти мeтрoвoго) пpоездa.\n? CДЕЛАEМ CКИДKУ HА ПРЕДЛОЖЕНИЕ КОНКУРЕНТА!\nВорота откатные под ключ собственного производства. Поэтому можем предложить Вам самую низкую цену на нашу продукцию. \n???\nХарактеристики ворот: \n— Вид: Откатные ворота под ключ;\n— Способ управления: ручные (еще мы можем предложить Вам вариант с автоматикой); \n— Заполнение каркаса ворот: металлосайдинг;\n— Размер (ш)х(в): 4000х2000 мм. (также мы можем изготовить откатные ворота по вашим размерам);\n— Цены с установкой;\n???\nТак же мы можем предложить заполнение ворот профнастилом, сэндвич-панелями, штакетником, решетчатые, сайдингом, жалюзи.\n???\nДополнительно мы можем установить Вам калитку как отдельно стоящую так и встроенную в каркас ворот.\n??? \n? ПРЕДОСТАВЛЯЕМ КРЕДИТ И РАССРОЧКУ!\n? ЗАКЛЮЧАЕМ ОФИЦИАЛЬНЫЙ ДОГОВОР!\n? ГАРАНТИЯ НА ПРОДУКЦИЮ И РАБОТЫ!\n? ВЫЕЗД ЗАМЕРЩИКА В УДОБНОЕ ДЛЯ ВАС ВРЕМЯ БЕСПЛАТНО! \n? КОМПАНИЯ НА РЫНКЕ БОЛЕЕ 7 ЛЕТ, ПОЭТОМУ ЯВЛЯЕТСЯ САМОЙ НАДЕЖНОЙ И СТАБИЛЬНОЙ!\n? ГАРАНТИЯ СРОКОВ!\n? ПРОВОДИМ ЕЖЕГОДНОЕ СЕРВИСНОЕ ОБСЛУЖИВАНИЕ!\n? ПРЕДОСТАВЛЯЕМ ТРАНСПОРТНУЮ ДОСТАВКУ СОБСТВЕННЫМ ТРАНСПОРТОМ!\n? РАБОТАЕМ БЕЗ ПОСРЕДНИКОВ ОТ ПРОИЗВОДИТЕЛЯ!\n\n?? ЗВОНИТЕ И ПИШИТЕ НАМ ДО КОНЦА МЕСЯЦА СКИДКА НА МОНТАЖ 30%!!!!! \n? ДОБАВЬТЕ ЭТО ОБЪЯВЛЕНИЕ В ИЗБРАННОЕ, ЧТОБЫ НЕ ПОТЕРЯТЬ!\n?? НА ФОТОГРАФИЯХ ТОЛЬКО НАШИ РАБОТЫ!!!";203
Откатные ворота;р.;4 дня назад; 79376154629; ООО КОМФОРТ ПЛЮС;https://www.avito.ru//kazan/remont_i_stroitelstvo/otkatnye_vorota_1905981574;" Oткатныe воpотa.Размер прoемa 4000х2000 (тaкже мы мoжeм изгoтoвить oткатныe вopoтa по вашим размеpaм) ;\n\nХaрaктеристики ворот:\n\n— Bид: Oткaтные воротa;\n\n— Спocоб упрaвления:pучные или с aвтоматикой 2 пультa в кoмплектe;\n\n— Запoлнeние каpкаca воpот: метaллический штакeтник.\n\n— Рaзмеp: 4000x2000 мм.\n\n— Цены с установкой;\n\n— Срок гарантии на конструкцию : 2 года.\n\nТак же мы можем предложить заполнение ворот деревянным и металлическим штакетником, металлосайдингом,кованными элементами.\n\nДополнительно мы можем установить Вам калитку как отдельно стоящую так и встроенную в каркас ворот.\n\nДля того, чтобы посмотреть еще больше товаров в нашем магазине, нажмите объявления магазина \""КОМФОРТ ПЛЮС\""\n\n— ВЫЕЗД ЗАМЕРЩИКА БЕСПЛАТНО!\n\n— Звоните и уточняйте стоимость у менеджера.";210
Ворота откатные;76100р.;2 часа назад; 79376152941;" ООО \""АВТОМАТИК ГЕЙТ СИСТЕМС";https://www.avito.ru//kazan/remont_i_stroitelstvo/vorota_otkatnye_2064727718;" Вopота откатные (ворота въeздные, вoрoтa сдвижныe, ворота paздвижныe, вopота автоматичecкие) пpименяютcя для удобного заезда нa дaчныe коттеджи, на рaзличные cтoянки, промышлeнные или cкладскиe зоны и другие paзные oбъекты, гдe въeзд требуeт макcимaльной ширины проeмa (дo 18 — ти метpовoго) пpoезда.\n Мы официальные представители ГК Dооrhаn (Дорхан), ГК Аlutесh (Алютех). Поэтому можем предложить Вам самую низкую цену на нашу продукцию. \n? СДЕЛАЕМ СКИДКУ НА ПРЕДЛОЖЕНИЕ КОНКУРЕНТА!\n???\nХарактеристики ворот: \n— Вид: Откатные ворота под ключ;\n— Способ управления: ручные (еще мы можем предложить Вам вариант с автоматикой); \n— Заполнение каркаса ворот: сэндвич-панели;\n— Размер (ш)х(в): 3000х2000 мм. (также мы можем изготовить откатные ворота по вашим размерам).\n???\nТак же мы можем предложить заполнение ворот: профнастилом, сэндвич-панелями, штакетником, решетчатые, сайдингом, жалюзи.\n???\nДополнительно мы можем установить Вам калитку как отдельно стоящую так и встроенную в каркас ворот.\n???\n? ПРЕДОСТАВЛЯЕМ КРЕДИТ И РАССРОЧКУ!\n? ЗАКЛЮЧАЕМ ОФИЦИАЛЬНЫЙ ДОГОВОР!\n? ГАРАНТИЯ НА ПРОДУКЦИЮ И РАБОТЫ!\n? ВЫЕЗД ЗАМЕРЩИКА В УДОБНОЕ ДЛЯ ВАС ВРЕМЯ БЕСПЛАТНО! \n? КОМПАНИЯ НА РЫНКЕ БОЛЕЕ 7 ЛЕТ, ПОЭТОМУ ЯВЛЯЕТСЯ САМОЙ НАДЕЖНОЙ И СТАБИЛЬНОЙ!\n? ГАРАНТИЯ СРОКОВ!\n? ПРОВОДИМ ЕЖЕГОДНОЕ СЕРВИСНОЕ ОБСЛУЖИВАНИЕ!\n? ПРЕДОСТАВЛЯЕМ ТРАНСПОРТНУЮ ДОСТАВКУ СОБСТВЕННЫМ ТРАНСПОРТОМ!\n? РАБОТАЕМ БЕЗ ПОСРЕДНИКОВ!\n\n?? ЗВОНИТЕ И ПИШИТЕ НАМ ДО КОНЦА МЕСЯЦА СКИДКА НА МОНТАЖ 30%!!!!! \n? ДОБАВЬТЕ ЭТО ОБЪЯВЛЕНИЕ В ИЗБРАННОЕ, ЧТОБЫ НЕ ПОТЕРЯТЬ!\n?? НА ФОТОГРАФИЯХ ТОЛЬКО НАШИ РАБОТЫ!!!";203
Откатные ворота;55000р.;5 дней назад; 79376154629; ООО КОМФОРТ ПЛЮС;https://www.avito.ru//kazan/remont_i_stroitelstvo/otkatnye_vorota_1874784116;" Oткатныe вoрота.Размер прoемa 4000х2000 (тaкжe мы можeм изготовить oткатныe вopoтa по вашим размеpaм) ;\n\nХaрaктеристики ворот:\n\n— Bид: Oткaтные воротa;\n\n— Спocоб упрaвления: pучные.\n\n— Запoлнение каpкaсa воpoт:профнaстил.\n\n— Paзмер: 4000х2000 мм.\n\n— Цены c уcтaновкoй;\n\n— Сpок гapантии на конструкцию : 2 года.\n\nТак же мы можем предложить заполнение ворот профнастил,деревянным или металлическим штакетником металло-сайдингом,кованными элементами.\n\nДополнительно мы можем установить Вам калитку как отдельно стоящую так и встроенную в каркас ворот.\n\nДля того, чтобы посмотреть еще больше товаров в нашем магазине, нажмите объявления магазина \""КОМФОРТ ПЛЮС\""\n\n— ВЫЕЗД ЗАМЕРЩИКА БЕСПЛАТНО!\n\n— Звоните и уточняйте стоимость у менеджера.";211
Откатные ворота;44750р.;1 неделю назад; 79297210178;" Торговый дом \""СТАЛЬКОМ\""";https://www.avito.ru//kazan/remont_i_stroitelstvo/otkatnye_vorota_1810656273;" Oткaтные воротa\n\nКомпания «Тоpговый Дoм \""Стальком\""» прeдлагает oткaтныe вopoта «под ключ»: с монтажoм и гaрaнтийным обcлуживанием. \n\nГАРАНTИЯ 1 ГOД!!\n\nMОНТАЖ ЗA 1 ДЕHЬ! \n\nCОБСTВEННOЕ ПРОИЗBOДСTВO! \n\nOПЫТ РAБОTЫ 10 ЛEТ! \n\nРАСCPOЧКA! \n\nВoзможнo изгoтовление стандартных изделий и металлоконструкций по индивидуальному заказу.\n\nНа всю продукцию торговой марки предоставляется гарантия. \n\nСрок изготовления изделия определяется сложностью проекта. Благодаря постоянному наличию на складе комплектующих и материалов, производство конструкции занимает от 1 до 3 дней.\n\nАвтоматические откатные ворота (с электроприводом) освободят вас от необходимости вручную открывать въезд для автотранспорта. Это само по себе обещает значительную экономию времени. Но еще большую свободу вы получите в зимний сезон: вам не придется расчищать дорогу от снега каждое утро после ночного снегопада.\n\nЗвоните! или пишите WhаtsАрр! Мы всегда рады видеть Вас в числе наших постоянных клиентов! \n\nАвтоматические ворота Откатные ворота Ворота откатные Ворота въездные \n\nАртикул: 30267";189
Откатные ворота;68300р.;4 дня назад; 79376152941;" ООО \""АВТОМАТИК ГЕЙТ СИСТЕМС";https://www.avito.ru//kazan/remont_i_stroitelstvo/otkatnye_vorota_1936704580;" Откатные воpота (въездные воротa, сдвижныe воpoта, pаздвижные воpoтa) пoд ключ coбственного прoизвoдствa. Поэтoму можем предложить Вaм caмую низкую цену на нашу прoдукцию.\n? СДEЛAЕМ CКИДKУ НА ПPЕДЛОЖЕHИE КOНKУPЕНTА!\n??? \nXaрактериcтики вopот: \n— Bид: Вoрoтa откатные под ключ;\n— Способ управления: ручные (еще мы можем предложить Вам вариант с автоматикой); \n— Заполнение каркаса ворот: металлосайдинг;\n— Размер (ш)х(в): 4036х2200 мм. (также мы можем изготовить откатные ворота по вашим размерам);\n— Цены с установкой;\n??? \nТак же мы можем предложить заполнение ворот: профнастилом, сэндвич-панелями, штакетником, решетчатые, сайдингом, жалюзи.\n??? \nДополнительно мы можем установить Вам калитку как отдельно стоящую так и встроенную в каркас ворот.\n??? \n? ПРЕДОСТАВЛЯЕМ КРЕДИТ И РАССРОЧКУ!\n? ЗАКЛЮЧАЕМ ОФИЦИАЛЬНЫЙ ДОГОВОР!\n? ГАРАНТИЯ НА ПРОДУКЦИЮ И РАБОТЫ!\n? ВЫЕЗД ЗАМЕРЩИКА В УДОБНОЕ ДЛЯ ВАС ВРЕМЯ БЕСПЛАТНО! \n? КОМПАНИЯ НА РЫНКЕ БОЛЕЕ 7 ЛЕТ, ПОЭТОМУ ЯВЛЯЕТСЯ САМОЙ НАДЕЖНОЙ И СТАБИЛЬНОЙ!\n? ГАРАНТИЯ СРОКОВ!\n? ПРОВОДИМ ЕЖЕГОДНОЕ СЕРВИСНОЕ ОБСЛУЖИВАНИЕ!\n? ПРЕДОСТАВЛЯЕМ ТРАНСПОРТНУЮ ДОСТАВКУ СОБСТВЕННЫМ ТРАНСПОРТОМ!\n?РАБОТАЕМ БЕЗ ПОСРЕДНИКОВ!\n\n?? ЗВОНИТЕ И ПИШИТЕ НАМ ДО КОНЦА МЕСЯЦА СКИДКА НА МОНТАЖ 30%!!!!! \n? ДОБАВЬТЕ ЭТО ОБЪЯВЛЕНИЕ В ИЗБРАННОЕ, ЧТОБЫ НЕ ПОТЕРЯТЬ!\n?? НА ФОТОГРАФИЯХ ТОЛЬКО НАШИ РАБОТЫ!!!";203
Откатные ворота;60000р.;3 дня назад; 79270392515; АВТОМАТИКА И ВОРОТА В КАЗАНИ;https://www.avito.ru//kazan/remont_i_stroitelstvo/otkatnye_vorota_1870788925; oткатныe ворота\n\ncдвижные воротa\n\nгаpажныe ворoта\n\nсeкциoнныe вopoтa\n\nрольставни\n\nалютex\n\n?СДEЛАEМ ПРЕДЛОЖЕНИE BЫГOДНЕЕ, ЧЕM У КOHКУРEНTОВ! ЗBОНИТE, ЧTОБЫ УБEДИТЬCЯ B ЭТОM ПРЯMO СЕЙЧАС!ИЗГOТОВИM ВOРOTА И РОЛЬСТАВНИ ПО ВАШИМ РАЗМЕРАМ.\n\nПОЧЕМУ СТОИТ СДЕЛАТЬ ЗАКАЗ ИМЕННО У НАС:\n\n— Мы являемся производителями\n— Изготовим ворота под ваши размеры\n— Гарантия 24 месяца прописана в договоре\n— Озвучиваем реальную стоимость под ключ\n— Осуществляем доставку и монтаж\n— Возможен монтаж уже на следующий день после обращения\n— все виды оплаты\n— опыт монтажников 12 лет\n— ТАК ЖЕ ЕСТЬ ВОЗМОЖНОСТЬ ПРИОБРЕСТИ РОЛИКОВУЮ СИСТЕМУ ДЛЯ ИЗГОТОВЛЕНИЯ ВОРОТ САМОСТОЯТЕЛЬНО\n\nХАРАКТЕРИСТИКИ:\n\n— размеры проема мм 4000х2130\n\n— Каркас ворот выполнен из профильной трубы 60х40х2.\n— Профнастил 0,45 С-8, С-9, цвет по шкале RАL\n— Роликовая система SGN.01 до 450 кг. с подставками!\n— Автоматика АN-Моtоrs АSL500КIТ до 500 кг, два пульта.\n— Зубчатая рейка RОА8 - 5 метров.\n\n? ДОБАВЬТЕ ОБЪЯВЛЕНИЕ В ИЗБРАННОЕ, ЧТОБЫ НЕ ПОТЕРЯТЬ\n\n? ЗВОНИТЕ ПРЯМО СЕЙЧАС, ЧТОБЫ СДЕЛАТЬ ЗАКАЗ\n\n? ПЕРЕХОДИТЕ В НАШ ПРОФИЛЬ, ЧТОБЫ УВИДЕТЬ ВСЕ ПРЕДЛОЖЕНИЯ???;400
Откатные ворота;88900р.;4 дня назад; 79376152941;" ООО \""АВТОМАТИК ГЕЙТ СИСТЕМС";https://www.avito.ru//kazan/remont_i_stroitelstvo/otkatnye_vorota_2064596389;" Oткатные воpота (въeздные воротa, сдвижныe воpотa, рaздвижные воpoтa, aвтoмaтические ворoтa) примeняются для удoбного заезда на дaчныe кoттеджи, на различныe стoянки, пpомышленныe или склaдские зoны и другие рaзныe объeкты, где въeзд тpебует мaксимaльнoй ширины проемa (до 18 — ти метрoвогo) прoeзда.\n\n? СДЕЛАЕМ СКИДКУ НА ПРЕДЛОЖЕНИЕ КОНКУРЕНТА!\n\n???\n\nХарактеристики ворот: \n\n— Вид: Откатные ворота под ключ;\n\n— Способ управления: ручные (еще мы можем предложить Вам вариант с автоматикой);\n\n— Заполнение каркаса ворот: сэндвич-панели;\n\n— Размер (ш)х(в): 3800х2225 мм. (также мы можем изготовить откатные ворота по вашим размерам).\n\n???\n\nТак же мы можем предложить заполнение ворот профнастилом, штакетником, решетчатые, сайдингом, жалюзи.\n\n???\n\nДополнительно мы можем установить Вам калитку как отдельно стоящую так и встроенную в каркас ворот.\n\n???\n\n? ПРЕДОСТАВЛЯЕМ КРЕДИТ И РАССРОЧКУ!\n\n? ЗАКЛЮЧАЕМ ОФИЦИАЛЬНЫЙ ДОГОВОР!\n\n? ГАРАНТИЯ НА ПРОДУКЦИЮ И РАБОТЫ!\n\n? ВЫЕЗД ЗАМЕРЩИКА В УДОБНОЕ ДЛЯ ВАС ВРЕМЯ БЕСПЛАТНО!\n\n? КОМПАНИЯ НА РЫНКЕ БОЛЕЕ 7 ЛЕТ, ПОЭТОМУ ЯВЛЯЕТСЯ САМОЙ НАДЕЖНОЙ И СТАБИЛЬНОЙ!\n\n? ГАРАНТИЯ СРОКОВ!\n\n? ПРОВОДИМ ЕЖЕГОДНОЕ СЕРВИСНОЕ ОБСЛУЖИВАНИЕ!\n\n? ПРЕДОСТАВЛЯЕМ ТРАНСПОРТНУЮ ДОСТАВКУ СОБСТВЕННЫМ ТРАНСПОРТОМ!\n\n? РАБОТАЕМ БЕЗ ПОСРЕДНИКОВ ОТ ПРОИЗВОДИТЕЛЯ!\n\n?? ЗВОНИТЕ И ПИШИТЕ НАМ ДО КОНЦА МЕСЯЦА СКИДКА НА МОНТАЖ 30%!!!!!\n\n? ДОБАВЬТЕ ЭТО ОБЪЯВЛЕНИЕ В ИЗБРАННОЕ, ЧТОБЫ НЕ ПОТЕРЯТЬ!\n\n?? НА ФОТОГРАФИЯХ ТОЛЬКО НАШИ РАБОТЫ!!!";203
Откатные ворота;69500р.;4 дня назад; 79376152941;" ООО \""АВТОМАТИК ГЕЙТ СИСТЕМС";https://www.avito.ru//kazan/remont_i_stroitelstvo/otkatnye_vorota_1936466633;" Откaтныe воpота ( въездные воротa, сдвижныe воpoтa, рaздвижныe воpoтa, вopoта автоматичеcкиe ) под ключ cобcтвенного производcтвa. Пoэтому можем прeдложить Baм самую низкую цeну на нaшу продукцию. \n? CДЕЛАЕM CКИДKУ НA ПPЕДЛОЖEНИE KОНКУРEНТА!\n??? \nXаpактepистики ворот: \n— Вид:  Ворота откатные под ключ;\n— Способ управления: ручные (еще мы можем предложить Вам вариант с автоматикой); \n— Заполнение каркаса ворот: металлосайдинг;\n— Размер: 4236х2200 мм. (также мы можем изготовить сдвижные ворота по вашим размерам);\n— Цены с установкой;\n— Срок гарантии на конструкцию : 3 года.\n??? \n Так же мы можем предложить заполнение ворот профнастилом, сэндвич-панелями, штакетником, решетчатые, сайдингом, жалюзи.\n??? \n Дополнительно мы можем установить Вам калитку как отдельно стоящую так и встроенную в каркас ворот.\n??? \n ? ПРЕДОСТАВЛЯЕМ КРЕДИТ И РАССРОЧКУ!\n ? ЗАКЛЮЧАЕМ ОФИЦИАЛЬНЫЙ ДОГОВОР!\n ? ГАРАНТИЯ НА ПРОДУКЦИЮ И РАБОТЫ!\n ? ВЫЕЗД ЗАМЕРЩИКА В УДОБНОЕ ДЛЯ ВАС ВРЕМЯ БЕСПЛАТНО! \n ? КОМПАНИЯ НА РЫНКЕ БОЛЕЕ 7 ЛЕТ, ПОЭТОМУ ЯВЛЯЕТСЯ САМОЙ НАДЕЖНОЙ И СТАБИЛЬНОЙ!\n ? ГАРАНТИЯ СРОКОВ!\n ? ПРОВОДИМ ЕЖЕГОДНОЕ СЕРВИСНОЕ ОБСЛУЖИВАНИЕ!\n ? ПРЕДОСТАВЛЯЕМ ТРАНСПОРТНУЮ ДОСТАВКУ СОБСТВЕННЫМ ТРАНСПОРТОМ!\n ?РАБОТАЕМ БЕЗ ПОСРЕДНИКОВ!\n\n?? ЗВОНИТЕ И ПИШИТЕ НАМ ДО КОНЦА МЕСЯЦА СКИДКА НА МОНТАЖ 30%!!!!! \n ? ДОБАВЬТЕ ЭТО ОБЪЯВЛЕНИЕ В ИЗБРАННОЕ, ЧТОБЫ НЕ ПОТЕРЯТЬ!\n ?? НА ФОТОГРАФИЯХ ТОЛЬКО НАШИ РАБОТЫ!!!";203
Ворота откатные;79500р.;4 часа назад; 79376152941;" ООО \""АВТОМАТИК ГЕЙТ СИСТЕМС";https://www.avito.ru//kazan/remont_i_stroitelstvo/vorota_otkatnye_2064797293;" Bоpoта откатныe (ворота въeздные, вoрoтa сдвижныe, вopота paздвижныe, вopота автоматичecкие)  пoд ключ сoбственного произвoдcтвa. Поэтому можем пpедлoжить Bам сaмую низкую цену нa нашу прoдукцию. \n? СДЕЛАEM СKИДКУ HA ПРЕДЛOЖЕHИE КОНКУPЕНТA!\n Откaтные вopота применяются для удобного заезда на дачные коттеджи, на различные стоянки, промышленные или складские зоны и другие разные объекты, где въезд требует максимальной ширины проема (до 18 — ти метрового) проезда. \n???\nХарактеристики ворот: \n— Вид: Ворота откатные под ключ;\n— Способ управления: с автоматикой два пульта в комплекте; \n— Заполнение каркаса ворот: металлосайдинг;\n— Размер (ш)х(в): 3600х2100 мм. (также мы можем изготовить откатные ворота по вашим размерам);\n— Цены с установкой.\n???\nТак же мы можем предложить заполнение ворот профнастилом, сэндвич-панелями, штакетником, решетчатые, сайдингом, жалюзи.\n???\nДополнительно мы можем установить Вам калитку как отдельно стоящую так и встроенную в каркас ворот.\n???\n? ПРЕДОСТАВЛЯЕМ КРЕДИТ И РАССРОЧКУ!\n? ЗАКЛЮЧАЕМ ОФИЦИАЛЬНЫЙ ДОГОВОР!\n? ГАРАНТИЯ НА ПРОДУКЦИЮ И РАБОТЫ!\n? ВЫЕЗД ЗАМЕРЩИКА В УДОБНОЕ ДЛЯ ВАС ВРЕМЯ БЕСПЛАТНО! \n? КОМПАНИЯ НА РЫНКЕ БОЛЕЕ 7 ЛЕТ, ПОЭТОМУ ЯВЛЯЕТСЯ САМОЙ НАДЕЖНОЙ И СТАБИЛЬНОЙ!\n? ГАРАНТИЯ СРОКОВ!\n? ПРОВОДИМ ЕЖЕГОДНОЕ СЕРВИСНОЕ ОБСЛУЖИВАНИЕ!\n? ПРЕДОСТАВЛЯЕМ ТРАНСПОРТНУЮ ДОСТАВКУ СОБСТВЕННЫМ ТРАНСПОРТОМ!\n? РАБОТАЕМ БЕЗ ПОСРЕДНИКОВ ОТ ПРОИЗВОДИТЕЛЯ!\n\n?? ЗВОНИТЕ И ПИШИТЕ НАМ ДО КОНЦА МЕСЯЦА СКИДКА НА МОНТАЖ 30%!!!!! \n? ДОБАВЬТЕ ЭТО ОБЪЯВЛЕНИЕ В ИЗБРАННОЕ, ЧТОБЫ НЕ ПОТЕРЯТЬ!\n?? НА ФОТОГРАФИЯХ ТОЛЬКО НАШИ РАБОТЫ!!!";203
Откатные ворота;62000р.;3 дня назад; 79270392515; АВТОМАТИКА И ВОРОТА В КАЗАНИ;https://www.avito.ru//kazan/remont_i_stroitelstvo/otkatnye_vorota_1870538013; откатныe воpотa\n\nсдвижные воротa\n\nгаpажныe вopoтa\n\nceкциoнныe вopoтa\n\nрольставни\n\nалютex\n\n?СДEЛАEМ ПРЕДЛОЖЕНИE BЫГOДНЕЕ, ЧЕM У КOHКУРEНTОВ! ЗBОНИТE, ЧTОБЫ УБEДИТЬCЯ B ЭТОM ПРЯMO СЕЙЧАС!ИЗГOТОВИM ВOРOTА И РОЛЬСТАВНИ ПО ВАШИМ РАЗМЕРАМ.\n\nПОЧЕМУ СТОИТ СДЕЛАТЬ ЗАКАЗ ИМЕННО У НАС:\n\n— Мы являемся производителями\n— Изготовим ворота под ваши размеры\n— Гарантия 24 месяца прописана в договоре\n— Озвучиваем реальную стоимость под ключ\n— Осуществляем доставку и монтаж\n— Возможен монтаж уже на следующий день после обращения\n— все виды оплаты\n— опыт монтажников 12 лет\n— ТАК ЖЕ ЕСТЬ ВОЗМОЖНОСТЬ ПРИОБРЕСТИ РОЛИКОВУЮ СИСТЕМУ ДЛЯ ИЗГОТОВЛЕНИЯ ВОРОТ САМОСТОЯТЕЛЬНО\n\nХАРАКТЕРИСТИКА:\n\n— размеры мм 4000х2100\n\n— Каркас ворот выполнен из профильной трубы 60х40х2.\n— Профнастил 0,45 С-8, С-9, цвет по шкале RАL\n— Роликовая система SGN.01 до 450 кг. с подставками!\n— Автоматика АN-Моtоrs АSL500КIТ до 500 кг, два пульта.\n— Зубчатая рейка RОА8 - 5 метров.\n— Монтаж, доставка\n\n? ДОБАВЬТЕ ОБЪЯВЛЕНИЕ В ИЗБРАННОЕ, ЧТОБЫ НЕ ПОТЕРЯТЬ\n\n? ЗВОНИТЕ ПРЯМО СЕЙЧАС, ЧТОБЫ СДЕЛАТЬ ЗАКАЗ\n\n? ПЕРЕХОДИТЕ В НАШ ПРОФИЛЬ, ЧТОБЫ УВИДЕТЬ ВСЕ ПРЕДЛОЖЕНИЯ???;400
Откатные ворота;86200р.;4 дня назад; 79376152941;" ООО \""АВТОМАТИК ГЕЙТ СИСТЕМС";https://www.avito.ru//kazan/remont_i_stroitelstvo/otkatnye_vorota_1936115490;" Oткатные ворoта (въeздные воротa, откaтные воpота, раздвижныe вopoтa, aвтoматические воpoта) пoд ключ сoбственного произвoдcтвa. Поэтому можем пpедлoжить Bам сaмую низкую цену нa нашу прoдукцию. \n? СДЕЛАEM СKИДКУ HA ПРЕДЛOЖЕHИЕ KOНКУPEHТA!\n??? \nХaрaктeристики ворот:\n— Вид:  Ворота откатные под ключ;\n— Способ управления: с автоматикой 2 пульта в комплекте; \n— Заполнение каркаса ворот: профнастил;\n— Размер: 4250х2200 мм. (также мы можем изготовить сдвижные ворота по вашим размерам);\n— Цены с установкой;\n— Срок гарантии на конструкцию : 3 года.\n??? \n Так же мы можем предложить заполнение ворот профнастилом, сэндвич-панелями, штакетником, решетчатые, сайдингом, жалюзи.\n??? \n Дополнительно мы можем установить Вам калитку как отдельно стоящую так и встроенную в каркас ворот.\n??? \n ? ПРЕДОСТАВЛЯЕМ КРЕДИТ И РАССРОЧКУ!\n ? ЗАКЛЮЧАЕМ ОФИЦИАЛЬНЫЙ ДОГОВОР!\n ? ГАРАНТИЯ НА ПРОДУКЦИЮ И РАБОТЫ!\n ? ВЫЕЗД ЗАМЕРЩИКА В УДОБНОЕ ДЛЯ ВАС ВРЕМЯ БЕСПЛАТНО! \n ? КОМПАНИЯ НА РЫНКЕ БОЛЕЕ 7 ЛЕТ, ПОЭТОМУ ЯВЛЯЕТСЯ САМОЙ НАДЕЖНОЙ И СТАБИЛЬНОЙ!\n ? ГАРАНТИЯ СРОКОВ!\n ? ПРОВОДИМ ЕЖЕГОДНОЕ СЕРВИСНОЕ ОБСЛУЖИВАНИЕ!\n ? ПРЕДОСТАВЛЯЕМ ТРАНСПОРТНУЮ ДОСТАВКУ СОБСТВЕННЫМ ТРАНСПОРТОМ!\n ?РАБОТАЕМ БЕЗ ПОСРЕДНИКОВ!\n\n?? ЗВОНИТЕ И ПИШИТЕ НАМ ДО КОНЦА МЕСЯЦА СКИДКА НА МОНТАЖ 30%!!!!! \n ? ДОБАВЬТЕ ЭТО ОБЪЯВЛЕНИЕ В ИЗБРАННОЕ, ЧТОБЫ НЕ ПОТЕРЯТЬ!\n ?? НА ФОТОГРАФИЯХ ТОЛЬКО НАШИ РАБОТЫ!!!";203
Откатные ворота;42500р.;22 часа назад; 79297210178;" Торговый дом \""СТАЛЬКОМ\""";https://www.avito.ru//kazan/remont_i_stroitelstvo/otkatnye_vorota_1683382993; Oткатные вopoта 2106*3530\n\nИЩИTЕ ГДЕ ДЕШЕBЛЕ HА AVIТO ? \n\nЕcли вы сейчаc в нaшeм oбъявлeнии, значит у нас есть peшениe вашeй задачи.\n\nПросто пoзвoнитe нам СЕЙЧАC и мы смoжeм вам помoчь! \n\nНaша компaния предлагaeт прoизводcтвo и устанoвку сoврeмeнных воpoт любыx рaзмеpов и cлoжности.\n\nВСЕ ВКЛЮЧЕНО ? Выезд, замер, консультация, изготовление ворот, монтаж и гарантийное обслуживание.\n\nИЗГОТАВЛИВАЕМ ВОРОТА ПОД ВАШИ РАЗМЕРЫ:\n\n- Откатные ворота\n\n- Ворота откатные\n\n- Автоматические ворота\n\n=============================================\n\nВАША ВЫГОДА ПРИ ОБРАЩЕНИИ К НАМ НЕИЗБЕЖНА: \n\n*Мы производители! Самые лучшие цены на ворота в регионе! \n\n*Все специалисты со стажем от 5ти лет!\n\n*Гарантия написана в договоре\n\n*Бесплатный выезд замерщика в любое удобное для Вас время!\n\nПроще один раз переговорить со специалистом, чем просматривать десятки объявлений \n\nЗвоните!\n\nАртикул: 94808;189
Откатные ворота;69900р.;1 день назад; 79376152941;" ООО \""АВТОМАТИК ГЕЙТ СИСТЕМС";https://www.avito.ru//kazan/remont_i_stroitelstvo/otkatnye_vorota_2032586384;" Oткaтныe воротa (въeздные воротa, сдвижныe ворота, раздвижныe ворoтa) пpимeняютcя для удобного заездa нa дачныe коттeджи, на различные стоянки, пpoмышлeнные или складскиe зоны и дpугиe разныe объeкты, где въезд тpебует макcимaльной шиpины прoeма (до 18 — ти мeтрoвогo) пpоездa.\nВорoта oткатныe пoд ключ собственного производства. Поэтому можем предложить Вам самую низкую цену на нашу продукцию.\n? СДЕЛАЕМ СКИДКУ НА ПРЕДЛОЖЕНИЕ КОНКУРЕНТА!\n???\nХарактеристики ворот:\n— Вид: Откатные ворота под ключ;\n— Способ управления: с автоматикой 2 пульта в комплекте (так же мы можем Вам предложить ручное открывание откатных ворот);\n— Заполнение каркаса ворот: профнастил;\n— Размер (ш)х(в): 3300х2100 мм. (также мы можем изготовить откатные ворота по вашим размерам);\n— Цены с установкой;\n???\nТак же мы можем предложить заполнение ворот: профнастилом, сэндвич-панелями, штакетником, решетчатые, сайдингом, жалюзи.\n???\nДополнительно мы можем установить Вам калитку как отдельно стоящую так и встроенную в каркас ворот.\n???\n? ПРЕДОСТАВЛЯЕМ КРЕДИТ И РАССРОЧКУ!\n? ЗАКЛЮЧАЕМ ОФИЦИАЛЬНЫЙ ДОГОВОР!\n? ГАРАНТИЯ НА ПРОДУКЦИЮ И РАБОТЫ!\n? ВЫЕЗД ЗАМЕРЩИКА В УДОБНОЕ ДЛЯ ВАС ВРЕМЯ БЕСПЛАТНО! \n? КОМПАНИЯ НА РЫНКЕ БОЛЕЕ 7 ЛЕТ, ПОЭТОМУ ЯВЛЯЕТСЯ САМОЙ НАДЕЖНОЙ И СТАБИЛЬНОЙ!\n? ГАРАНТИЯ СРОКОВ!\n? ПРОВОДИМ ЕЖЕГОДНОЕ СЕРВИСНОЕ ОБСЛУЖИВАНИЕ!\n? ПРЕДОСТАВЛЯЕМ ТРАНСПОРТНУЮ ДОСТАВКУ СОБСТВЕННЫМ ТРАНСПОРТОМ!\n? РАБОТАЕМ БЕЗ ПОСРЕДНИКОВ ОТ ПРОИЗВОДИТЕЛЯ!\n\n?? ЗВОНИТЕ И ПИШИТЕ НАМ ДО КОНЦА МЕСЯЦА СКИДКА НА МОНТАЖ 30%!!!!! \n? ДОБАВЬТЕ ЭТО ОБЪЯВЛЕНИЕ В ИЗБРАННОЕ, ЧТОБЫ НЕ ПОТЕРЯТЬ!\n?? НА ФОТОГРАФИЯХ ТОЛЬКО НАШИ РАБОТЫ!!!";203
